card_id,qr_identity,candidate_uk_qr_url,candidate_au_qr_url,current_mapped_year,authoritative_observed_year,year_verification_confidence,physical_print_observed,discrepancy_status,official_uk_sku,official_uk_spotify_track_id,official_au_sku,official_au_spotify_track_id,playlist_spotify_track_id,playlist_title,playlist_artist,identity_confidence,source_evidence,non_authoritative_bopster_year,non_authoritative_musicbrainz_year,screening_flags
1,00001,https://hitstergame.com/uk/aaaa0005/00001,https://hitstergame.com/au/aaah0001/00001,1976,,unresolved,no,unresolved_missing_physical_card_back_year,aaaa0005,0KMGxYKeUzK9wc5DZCt3HT,aaah0001,0KMGxYKeUzK9wc5DZCt3HT,0KMGxYKeUzK9wc5DZCt3HT,If You Leave Me Now,Chicago,high,identity only: https://stgroupprdhitster.blob.core.windows.net/hitster-assets/gameset_database.json sku=aaaa0005 card=00001; ordered title reference: https://open.spotify.com/track/0KMGxYKeUzK9wc5DZCt3HT; printed-year evidence: not available,1976,1976,none
2,00002,https://hitstergame.com/uk/aaaa0005/00002,https://hitstergame.com/au/aaah0001/00002,1987,,unresolved,no,unresolved_missing_physical_card_back_year,aaaa0005,2tUBqZG2AbRi7Q0BIrVrEj,aaah0001,2tUBqZG2AbRi7Q0BIrVrEj,2tUBqZG2AbRi7Q0BIrVrEj,I Wanna Dance with Somebody (Who Loves Me),Whitney Houston,high,identity only: https://stgroupprdhitster.blob.core.windows.net/hitster-assets/gameset_database.json sku=aaaa0005 card=00002; ordered title reference: https://open.spotify.com/track/2tUBqZG2AbRi7Q0BIrVrEj; printed-year evidence: not available,1987,1987,none
3,00003,https://hitstergame.com/uk/aaaa0005/00003,https://hitstergame.com/au/aaah0001/00003,1981,,unresolved,no,unresolved_missing_physical_card_back_year,aaaa0005,2dCmGcEOQrMQhMMS8Vj7Ca,aaah0001,2dCmGcEOQrMQhMMS8Vj7Ca,2dCmGcEOQrMQhMMS8Vj7Ca,Super Freak,Rick James,high,identity only: https://stgroupprdhitster.blob.core.windows.net/hitster-assets/gameset_database.json sku=aaaa0005 card=00003; ordered title reference: https://open.spotify.com/track/2dCmGcEOQrMQhMMS8Vj7Ca; printed-year evidence: not available,1981,1981,none
4,00004,https://hitstergame.com/uk/aaaa0005/00004,https://hitstergame.com/au/aaah0001/00004,1960,,unresolved,no,unresolved_missing_physical_card_back_year,aaaa0005,2G0GextMwZJLkNxcSZ7ZJ3,aaah0001,2G0GextMwZJLkNxcSZ7ZJ3,2G0GextMwZJLkNxcSZ7ZJ3,(What A) Wonderful World - Mono,Sam Cooke,high,identity only: https://stgroupprdhitster.blob.core.windows.net/hitster-assets/gameset_database.json sku=aaaa0005 card=00004; ordered title reference: https://open.spotify.com/track/2G0GextMwZJLkNxcSZ7ZJ3; printed-year evidence: not available,1960,1995,musicbrainz_candidate_differs
5,00005,https://hitstergame.com/uk/aaaa0005/00005,https://hitstergame.com/au/aaah0001/00005,2016,,unresolved,no,unresolved_missing_physical_card_back_year,aaaa0005,27SdWb2rFzO6GWiYDBTD9j,aaah0001,27SdWb2rFzO6GWiYDBTD9j,27SdWb2rFzO6GWiYDBTD9j,Cheap Thrills,Sia,high,identity only: https://stgroupprdhitster.blob.core.windows.net/hitster-assets/gameset_database.json sku=aaaa0005 card=00005; ordered title reference: https://open.spotify.com/track/27SdWb2rFzO6GWiYDBTD9j; printed-year evidence: not available,2016,2015,musicbrainz_candidate_differs
6,00006,https://hitstergame.com/uk/aaaa0005/00006,https://hitstergame.com/au/aaah0001/00006,2013,,unresolved,no,unresolved_missing_physical_card_back_year,aaaa0005,2vwlzO0Qp8kfEtzTsCXfyE,aaah0001,2vwlzO0Qp8kfEtzTsCXfyE,2vwlzO0Qp8kfEtzTsCXfyE,Wrecking Ball,Miley Cyrus,high,identity only: https://stgroupprdhitster.blob.core.windows.net/hitster-assets/gameset_database.json sku=aaaa0005 card=00006; ordered title reference: https://open.spotify.com/track/2vwlzO0Qp8kfEtzTsCXfyE; printed-year evidence: not available,2013,2013,none
7,00007,https://hitstergame.com/uk/aaaa0005/00007,https://hitstergame.com/au/aaah0001/00007,2002,,unresolved,no,unresolved_missing_physical_card_back_year,aaaa0005,5pWRdriPCFhfz0JSswkdHo,aaah0001,5pWRdriPCFhfz0JSswkdHo,5pWRdriPCFhfz0JSswkdHo,Year 3000,Busted,high,identity only: https://stgroupprdhitster.blob.core.windows.net/hitster-assets/gameset_database.json sku=aaaa0005 card=00007; ordered title reference: https://open.spotify.com/track/5pWRdriPCFhfz0JSswkdHo; printed-year evidence: not available,2002,2002,none
8,00008,https://hitstergame.com/uk/aaaa0005/00008,https://hitstergame.com/au/aaah0001/00008,1990,,unresolved,no,unresolved_missing_physical_card_back_year,aaaa0005,4gAU0cHQJFxj1n2ZDiEIzG,aaah0001,4gAU0cHQJFxj1n2ZDiEIzG,4gAU0cHQJFxj1n2ZDiEIzG,Step On - 2007 Remaster,Happy Mondays,high,identity only: https://stgroupprdhitster.blob.core.windows.net/hitster-assets/gameset_database.json sku=aaaa0005 card=00008; ordered title reference: https://open.spotify.com/track/4gAU0cHQJFxj1n2ZDiEIzG; printed-year evidence: not available,1990,1990,none
9,00009,https://hitstergame.com/uk/aaaa0005/00009,https://hitstergame.com/au/aaah0001/00009,1990,,unresolved,no,unresolved_missing_physical_card_back_year,aaaa0005,2He3NOyqtLNE3RQPpeDdSb,aaah0001,2He3NOyqtLNE3RQPpeDdSb,2He3NOyqtLNE3RQPpeDdSb,Groove Is in the Heart,Deee-Lite,high,identity only: https://stgroupprdhitster.blob.core.windows.net/hitster-assets/gameset_database.json sku=aaaa0005 card=00009; ordered title reference: https://open.spotify.com/track/2He3NOyqtLNE3RQPpeDdSb; printed-year evidence: not available,1990,2001,musicbrainz_candidate_differs
10,00010,https://hitstergame.com/uk/aaaa0005/00010,https://hitstergame.com/au/aaah0001/00010,1976,,unresolved,no,unresolved_missing_physical_card_back_year,aaaa0005,1pBAsoHy7eN9aeVCTAiKua,aaah0001,1pBAsoHy7eN9aeVCTAiKua,1pBAsoHy7eN9aeVCTAiKua,Afternoon Delight,Starland Vocal Band,high,identity only: https://stgroupprdhitster.blob.core.windows.net/hitster-assets/gameset_database.json sku=aaaa0005 card=00010; ordered title reference: https://open.spotify.com/track/1pBAsoHy7eN9aeVCTAiKua; printed-year evidence: not available,1976,1976,none
11,00011,https://hitstergame.com/uk/aaaa0005/00011,https://hitstergame.com/au/aaah0001/00011,1969,,unresolved,no,unresolved_missing_physical_card_back_year,aaaa0005,4MLBqAEzNN89o2M9h92Z26,aaah0001,4MLBqAEzNN89o2M9h92Z26,4MLBqAEzNN89o2M9h92Z26,Get Back - Remastered 2009,The Beatles,high,identity only: https://stgroupprdhitster.blob.core.windows.net/hitster-assets/gameset_database.json sku=aaaa0005 card=00011; ordered title reference: https://open.spotify.com/track/4MLBqAEzNN89o2M9h92Z26; printed-year evidence: not available,1970,1969,community_bopster_year_differs
12,00012,https://hitstergame.com/uk/aaaa0005/00012,https://hitstergame.com/au/aaah0001/00012,1989,,unresolved,no,unresolved_missing_physical_card_back_year,aaaa0005,1NCuYqMc8hKMb4cpNTcJbD,aaah0001,1NCuYqMc8hKMb4cpNTcJbD,1NCuYqMc8hKMb4cpNTcJbD,Another Day in Paradise - 2016 Remaster,Phil Collins,high,identity only: https://stgroupprdhitster.blob.core.windows.net/hitster-assets/gameset_database.json sku=aaaa0005 card=00012; ordered title reference: https://open.spotify.com/track/1NCuYqMc8hKMb4cpNTcJbD; printed-year evidence: not available,1989,1989,none
13,00013,https://hitstergame.com/uk/aaaa0005/00013,https://hitstergame.com/au/aaah0001/00013,1984,,unresolved,no,unresolved_missing_physical_card_back_year,aaaa0005,1FvDJ9KGxcqwv1utyPL3JZ,aaah0001,1FvDJ9KGxcqwv1utyPL3JZ,1FvDJ9KGxcqwv1utyPL3JZ,This Charming Man - 2011 Remaster,The Smiths,high,identity only: https://stgroupprdhitster.blob.core.windows.net/hitster-assets/gameset_database.json sku=aaaa0005 card=00013; ordered title reference: https://open.spotify.com/track/1FvDJ9KGxcqwv1utyPL3JZ; printed-year evidence: not available,1984,1983,musicbrainz_candidate_differs
14,00014,https://hitstergame.com/uk/aaaa0005/00014,https://hitstergame.com/au/aaah0001/00014,1984,,unresolved,no,unresolved_missing_physical_card_back_year,aaaa0005,1ZPlNanZsJSPK5h9YZZFbZ,aaah0001,1ZPlNanZsJSPK5h9YZZFbZ,1ZPlNanZsJSPK5h9YZZFbZ,Like a Virgin,Madonna,high,identity only: https://stgroupprdhitster.blob.core.windows.net/hitster-assets/gameset_database.json sku=aaaa0005 card=00014; ordered title reference: https://open.spotify.com/track/1ZPlNanZsJSPK5h9YZZFbZ; printed-year evidence: not available,1984,1984,none
15,00015,https://hitstergame.com/uk/aaaa0005/00015,https://hitstergame.com/au/aaah0001/00015,1992,,unresolved,no,unresolved_missing_physical_card_back_year,aaaa0005,2EoIt9vdgFRNW03u5IvFsQ,aaah0001,2EoIt9vdgFRNW03u5IvFsQ,2EoIt9vdgFRNW03u5IvFsQ,Achy Breaky Heart,Billy Ray Cyrus,high,identity only: https://stgroupprdhitster.blob.core.windows.net/hitster-assets/gameset_database.json sku=aaaa0005 card=00015; ordered title reference: https://open.spotify.com/track/2EoIt9vdgFRNW03u5IvFsQ; printed-year evidence: not available,1992,1992,none
16,00016,https://hitstergame.com/uk/aaaa0005/00016,https://hitstergame.com/au/aaah0001/00016,2005,,unresolved,no,unresolved_missing_physical_card_back_year,aaaa0005,0Gsj2iZerDbXbU0G1IHuB2,aaah0001,0Gsj2iZerDbXbU0G1IHuB2,0Gsj2iZerDbXbU0G1IHuB2,Gold Digger,Kanye West,high,identity only: https://stgroupprdhitster.blob.core.windows.net/hitster-assets/gameset_database.json sku=aaaa0005 card=00016; ordered title reference: https://open.spotify.com/track/0Gsj2iZerDbXbU0G1IHuB2; printed-year evidence: not available,2005,2006,musicbrainz_candidate_differs
17,00017,https://hitstergame.com/uk/aaaa0005/00017,https://hitstergame.com/au/aaah0001/00017,1983,,unresolved,no,unresolved_missing_physical_card_back_year,aaaa0005,6oWLiyRpo1ibp2vKNxHG0T,aaah0001,6oWLiyRpo1ibp2vKNxHG0T,6oWLiyRpo1ibp2vKNxHG0T,Sweet Dreams (Are Made of This) - 2005 Remaster,Eurythmics,high,identity only: https://stgroupprdhitster.blob.core.windows.net/hitster-assets/gameset_database.json sku=aaaa0005 card=00017; ordered title reference: https://open.spotify.com/track/6oWLiyRpo1ibp2vKNxHG0T; printed-year evidence: not available,1983,1982,musicbrainz_candidate_differs
18,00018,https://hitstergame.com/uk/aaaa0005/00018,https://hitstergame.com/au/aaah0001/00018,1988,,unresolved,no,unresolved_missing_physical_card_back_year,aaaa0005,2M9ro2krNb7nr7HSprkEgo,aaah0001,2M9ro2krNb7nr7HSprkEgo,2M9ro2krNb7nr7HSprkEgo,Fast Car,Tracy Chapman,high,identity only: https://stgroupprdhitster.blob.core.windows.net/hitster-assets/gameset_database.json sku=aaaa0005 card=00018; ordered title reference: https://open.spotify.com/track/2M9ro2krNb7nr7HSprkEgo; printed-year evidence: not available,1988,1988,none
19,00019,https://hitstergame.com/uk/aaaa0005/00019,https://hitstergame.com/au/aaah0001/00019,2016,,unresolved,no,unresolved_missing_physical_card_back_year,aaaa0005,58zsLZPvfflaiIbNWoA22O,aaah0001,58zsLZPvfflaiIbNWoA22O,58zsLZPvfflaiIbNWoA22O,Human,Rag'n'Bone Man,high,identity only: https://stgroupprdhitster.blob.core.windows.net/hitster-assets/gameset_database.json sku=aaaa0005 card=00019; ordered title reference: https://open.spotify.com/track/58zsLZPvfflaiIbNWoA22O; printed-year evidence: not available,2017,,community_bopster_year_differs;musicbrainz_candidate_unresolved
20,00020,https://hitstergame.com/uk/aaaa0005/00020,https://hitstergame.com/au/aaah0001/00020,1960,,unresolved,no,unresolved_missing_physical_card_back_year,aaaa0005,4aTCNddtjztjuK2EOgz7ZZ,aaah0001,4aTCNddtjztjuK2EOgz7ZZ,4aTCNddtjztjuK2EOgz7ZZ,Itsy Bitsy Teenie Weenie Yellow Polka Dot Bikini,Brian Hyland,high,identity only: https://stgroupprdhitster.blob.core.windows.net/hitster-assets/gameset_database.json sku=aaaa0005 card=00020; ordered title reference: https://open.spotify.com/track/4aTCNddtjztjuK2EOgz7ZZ; printed-year evidence: not available,1961,1960,community_bopster_year_differs
21,00021,https://hitstergame.com/uk/aaaa0005/00021,https://hitstergame.com/au/aaah0001/00021,2017,,unresolved,no,unresolved_missing_physical_card_back_year,aaaa0005,2LPUvD5DDOO4UYGkWgjI2C,aaah0001,2LPUvD5DDOO4UYGkWgjI2C,2LPUvD5DDOO4UYGkWgjI2C,Shut Up,Stormzy,high,identity only: https://stgroupprdhitster.blob.core.windows.net/hitster-assets/gameset_database.json sku=aaaa0005 card=00021; ordered title reference: https://open.spotify.com/track/2LPUvD5DDOO4UYGkWgjI2C; printed-year evidence: not available,2017,2016,musicbrainz_candidate_differs
22,00022,https://hitstergame.com/uk/aaaa0005/00022,https://hitstergame.com/au/aaah0001/00022,2013,,unresolved,no,unresolved_missing_physical_card_back_year,aaaa0005,2pgbGOb00WrlXY3ZRFKn7v,aaah0001,2pgbGOb00WrlXY3ZRFKn7v,2pgbGOb00WrlXY3ZRFKn7v,Blurred Lines,Robin Thicke,high,identity only: https://stgroupprdhitster.blob.core.windows.net/hitster-assets/gameset_database.json sku=aaaa0005 card=00022; ordered title reference: https://open.spotify.com/track/2pgbGOb00WrlXY3ZRFKn7v; printed-year evidence: not available,2020,2013,community_bopster_year_differs
23,00023,https://hitstergame.com/uk/aaaa0005/00023,https://hitstergame.com/au/aaah0001/00023,1962,,unresolved,no,unresolved_missing_physical_card_back_year,aaaa0005,5xzdDMhFYiuUONB0Mha9VS,aaah0001,5xzdDMhFYiuUONB0Mha9VS,5xzdDMhFYiuUONB0Mha9VS,The Locomotion,Little Eva,high,identity only: https://stgroupprdhitster.blob.core.windows.net/hitster-assets/gameset_database.json sku=aaaa0005 card=00023; ordered title reference: https://open.spotify.com/track/5xzdDMhFYiuUONB0Mha9VS; printed-year evidence: not available,1962,1992,musicbrainz_candidate_differs
24,00024,https://hitstergame.com/uk/aaaa0005/00024,https://hitstergame.com/au/aaah0001/00024,2010,,unresolved,no,unresolved_missing_physical_card_back_year,aaaa0005,1QesQ27kCWYTYuXJi8SApS,aaah0001,1QesQ27kCWYTYuXJi8SApS,1QesQ27kCWYTYuXJi8SApS,Wait so Long,Trampled by Turtles,high,identity only: https://stgroupprdhitster.blob.core.windows.net/hitster-assets/gameset_database.json sku=aaaa0005 card=00024; ordered title reference: https://open.spotify.com/track/1QesQ27kCWYTYuXJi8SApS; printed-year evidence: not available,2010,2010,none
25,00025,https://hitstergame.com/uk/aaaa0005/00025,https://hitstergame.com/au/aaah0001/00025,1994,,unresolved,no,unresolved_missing_physical_card_back_year,aaaa0005,3nK2qGHdVAEOuVAmMSWQPW,aaah0001,3nK2qGHdVAEOuVAmMSWQPW,3nK2qGHdVAEOuVAmMSWQPW,Cigarettes & Alcohol,Oasis,high,identity only: https://stgroupprdhitster.blob.core.windows.net/hitster-assets/gameset_database.json sku=aaaa0005 card=00025; ordered title reference: https://open.spotify.com/track/3nK2qGHdVAEOuVAmMSWQPW; printed-year evidence: not available,1994,1993,musicbrainz_candidate_differs
26,00026,https://hitstergame.com/uk/aaaa0005/00026,https://hitstergame.com/au/aaah0001/00026,1995,,unresolved,no,unresolved_missing_physical_card_back_year,aaaa0005,6vcdzohhBSbNdsZBh5IRpQ,aaah0001,6vcdzohhBSbNdsZBh5IRpQ,6vcdzohhBSbNdsZBh5IRpQ,Back for Good - Radio Mix,Take That,high,identity only: https://stgroupprdhitster.blob.core.windows.net/hitster-assets/gameset_database.json sku=aaaa0005 card=00026; ordered title reference: https://open.spotify.com/track/6vcdzohhBSbNdsZBh5IRpQ; printed-year evidence: not available,1995,1994,musicbrainz_candidate_differs
27,00027,https://hitstergame.com/uk/aaaa0005/00027,https://hitstergame.com/au/aaah0001/00027,2016,,unresolved,no,unresolved_missing_physical_card_back_year,aaaa0005,6fujklziTHa8uoM5OQSfIo,aaah0001,6fujklziTHa8uoM5OQSfIo,6fujklziTHa8uoM5OQSfIo,Black Beatles,Rae Sremmurd,high,identity only: https://stgroupprdhitster.blob.core.windows.net/hitster-assets/gameset_database.json sku=aaaa0005 card=00027; ordered title reference: https://open.spotify.com/track/6fujklziTHa8uoM5OQSfIo; printed-year evidence: not available,2016,,musicbrainz_candidate_unresolved
28,00028,https://hitstergame.com/uk/aaaa0005/00028,https://hitstergame.com/au/aaah0001/00028,1981,,unresolved,no,unresolved_missing_physical_card_back_year,aaaa0005,3L7RtEcu1Hw3OXrpnthngx,aaah0001,3L7RtEcu1Hw3OXrpnthngx,3L7RtEcu1Hw3OXrpnthngx,Don't You Want Me,The Human League,high,identity only: https://stgroupprdhitster.blob.core.windows.net/hitster-assets/gameset_database.json sku=aaaa0005 card=00028; ordered title reference: https://open.spotify.com/track/3L7RtEcu1Hw3OXrpnthngx; printed-year evidence: not available,1981,1981,none
29,00029,https://hitstergame.com/uk/aaaa0005/00029,https://hitstergame.com/au/aaah0001/00029,2003,,unresolved,no,unresolved_missing_physical_card_back_year,aaaa0005,3dPQuX8Gs42Y7b454ybpMR,aaah0001,3dPQuX8Gs42Y7b454ybpMR,3dPQuX8Gs42Y7b454ybpMR,Seven Nation Army,The White Stripes,high,identity only: https://stgroupprdhitster.blob.core.windows.net/hitster-assets/gameset_database.json sku=aaaa0005 card=00029; ordered title reference: https://open.spotify.com/track/3dPQuX8Gs42Y7b454ybpMR; printed-year evidence: not available,2003,2003,none
30,00030,https://hitstergame.com/uk/aaaa0005/00030,https://hitstergame.com/au/aaah0001/00030,1976,,unresolved,no,unresolved_missing_physical_card_back_year,aaaa0005,1QEEqeFIZktqIpPI4jSVSF,aaah0001,1QEEqeFIZktqIpPI4jSVSF,1QEEqeFIZktqIpPI4jSVSF,More Than a Feeling,Boston,high,identity only: https://stgroupprdhitster.blob.core.windows.net/hitster-assets/gameset_database.json sku=aaaa0005 card=00030; ordered title reference: https://open.spotify.com/track/1QEEqeFIZktqIpPI4jSVSF; printed-year evidence: not available,1976,1982,musicbrainz_candidate_differs
31,00031,https://hitstergame.com/uk/aaaa0005/00031,https://hitstergame.com/au/aaah0001/00031,2007,,unresolved,no,unresolved_missing_physical_card_back_year,aaaa0005,66TRwr5uJwPt15mfFkzhbi,aaah0001,66TRwr5uJwPt15mfFkzhbi,66TRwr5uJwPt15mfFkzhbi,Crank That (Soulja Boy),Soulja Boy,high,identity only: https://stgroupprdhitster.blob.core.windows.net/hitster-assets/gameset_database.json sku=aaaa0005 card=00031; ordered title reference: https://open.spotify.com/track/66TRwr5uJwPt15mfFkzhbi; printed-year evidence: not available,2007,2007,none
32,00032,https://hitstergame.com/uk/aaaa0005/00032,https://hitstergame.com/au/aaah0001/00032,1966,,unresolved,no,unresolved_missing_physical_card_back_year,aaaa0005,4H1iMlEWKZmpKTHCZzDhju,aaah0001,4H1iMlEWKZmpKTHCZzDhju,4H1iMlEWKZmpKTHCZzDhju,You Can't Hurry Love,The Supremes,high,identity only: https://stgroupprdhitster.blob.core.windows.net/hitster-assets/gameset_database.json sku=aaaa0005 card=00032; ordered title reference: https://open.spotify.com/track/4H1iMlEWKZmpKTHCZzDhju; printed-year evidence: not available,1966,1966,none
33,00033,https://hitstergame.com/uk/aaaa0005/00033,https://hitstergame.com/au/aaah0001/00033,1980,,unresolved,no,unresolved_missing_physical_card_back_year,aaaa0005,6ALPLbDJ9eWVij9ep3Cgf4,aaah0001,6ALPLbDJ9eWVij9ep3Cgf4,6ALPLbDJ9eWVij9ep3Cgf4,Going Underground,The Jam,high,identity only: https://stgroupprdhitster.blob.core.windows.net/hitster-assets/gameset_database.json sku=aaaa0005 card=00033; ordered title reference: https://open.spotify.com/track/6ALPLbDJ9eWVij9ep3Cgf4; printed-year evidence: not available,1979,1980,community_bopster_year_differs
34,00034,https://hitstergame.com/uk/aaaa0005/00034,https://hitstergame.com/au/aaah0001/00034,1973,,unresolved,no,unresolved_missing_physical_card_back_year,aaaa0005,3Pu3IChaAoa5EjgUBv5F6x,aaah0001,3Pu3IChaAoa5EjgUBv5F6x,3Pu3IChaAoa5EjgUBv5F6x,Ballroom Blitz,Sweet,high,identity only: https://stgroupprdhitster.blob.core.windows.net/hitster-assets/gameset_database.json sku=aaaa0005 card=00034; ordered title reference: https://open.spotify.com/track/3Pu3IChaAoa5EjgUBv5F6x; printed-year evidence: not available,1974,1973,community_bopster_year_differs
35,00035,https://hitstergame.com/uk/aaaa0005/00035,https://hitstergame.com/au/aaah0001/00035,1972,,unresolved,no,unresolved_missing_physical_card_back_year,aaaa0005,4TOMI010Sd4ZAX4aZ5TS85,aaah0001,4TOMI010Sd4ZAX4aZ5TS85,4TOMI010Sd4ZAX4aZ5TS85,Perfect Day,Lou Reed,high,identity only: https://stgroupprdhitster.blob.core.windows.net/hitster-assets/gameset_database.json sku=aaaa0005 card=00035; ordered title reference: https://open.spotify.com/track/4TOMI010Sd4ZAX4aZ5TS85; printed-year evidence: not available,1972,1972,none
36,00036,https://hitstergame.com/uk/aaaa0005/00036,https://hitstergame.com/au/aaah0001/00036,1979,,unresolved,no,unresolved_missing_physical_card_back_year,aaaa0005,1QFh8OH1e78dGd3VyJZCAC,aaah0001,1QFh8OH1e78dGd3VyJZCAC,1QFh8OH1e78dGd3VyJZCAC,Boys Don't Cry,The Cure,high,identity only: https://stgroupprdhitster.blob.core.windows.net/hitster-assets/gameset_database.json sku=aaaa0005 card=00036; ordered title reference: https://open.spotify.com/track/1QFh8OH1e78dGd3VyJZCAC; printed-year evidence: not available,1979,1992,musicbrainz_candidate_differs
37,00037,https://hitstergame.com/uk/aaaa0005/00037,https://hitstergame.com/au/aaah0001/00037,1987,,unresolved,no,unresolved_missing_physical_card_back_year,aaaa0005,4cOdK2wGLETKBW3PvgPWqT,aaah0001,4cOdK2wGLETKBW3PvgPWqT,4cOdK2wGLETKBW3PvgPWqT,Never Gonna Give You Up,Rick Astley,high,identity only: https://stgroupprdhitster.blob.core.windows.net/hitster-assets/gameset_database.json sku=aaaa0005 card=00037; ordered title reference: https://open.spotify.com/track/4cOdK2wGLETKBW3PvgPWqT; printed-year evidence: not available,1987,1987,none
38,00038,https://hitstergame.com/uk/aaaa0005/00038,https://hitstergame.com/au/aaah0001/00038,1979,,unresolved,no,unresolved_missing_physical_card_back_year,aaaa0005,37yIrMPeJYRm7zJ8rr3Uvv,aaah0001,37yIrMPeJYRm7zJ8rr3Uvv,37yIrMPeJYRm7zJ8rr3Uvv,Funkytown,Lipps Inc.,high,identity only: https://stgroupprdhitster.blob.core.windows.net/hitster-assets/gameset_database.json sku=aaaa0005 card=00038; ordered title reference: https://open.spotify.com/track/37yIrMPeJYRm7zJ8rr3Uvv; printed-year evidence: not available,2018,1979,community_bopster_year_differs
39,00039,https://hitstergame.com/uk/aaaa0005/00039,https://hitstergame.com/au/aaah0001/00039,1985,,unresolved,no,unresolved_missing_physical_card_back_year,aaaa0005,2co8fDyaVmxv8xruQWORnC,aaah0001,2co8fDyaVmxv8xruQWORnC,2co8fDyaVmxv8xruQWORnC,Road to Nowhere - 2005 Remaster,Talking Heads,high,identity only: https://stgroupprdhitster.blob.core.windows.net/hitster-assets/gameset_database.json sku=aaaa0005 card=00039; ordered title reference: https://open.spotify.com/track/2co8fDyaVmxv8xruQWORnC; printed-year evidence: not available,1985,1985,none
40,00040,https://hitstergame.com/uk/aaaa0005/00040,https://hitstergame.com/au/aaah0001/00040,2020,,unresolved,no,unresolved_missing_physical_card_back_year,aaaa0005,1d2eMMrAuIsw85u3YklKoc,aaah0001,1d2eMMrAuIsw85u3YklKoc,1d2eMMrAuIsw85u3YklKoc,Toosie Slide,Drake,high,identity only: https://stgroupprdhitster.blob.core.windows.net/hitster-assets/gameset_database.json sku=aaaa0005 card=00040; ordered title reference: https://open.spotify.com/track/1d2eMMrAuIsw85u3YklKoc; printed-year evidence: not available,2020,2020,none
41,00041,https://hitstergame.com/uk/aaaa0005/00041,https://hitstergame.com/au/aaah0001/00041,1993,,unresolved,no,unresolved_missing_physical_card_back_year,aaaa0005,2rTYgHxgcndkUrRoU7x0Sv,aaah0001,2rTYgHxgcndkUrRoU7x0Sv,2rTYgHxgcndkUrRoU7x0Sv,Mr. Vain,Culture Beat,high,identity only: https://stgroupprdhitster.blob.core.windows.net/hitster-assets/gameset_database.json sku=aaaa0005 card=00041; ordered title reference: https://open.spotify.com/track/2rTYgHxgcndkUrRoU7x0Sv; printed-year evidence: not available,1993,1993,none
42,00042,https://hitstergame.com/uk/aaaa0005/00042,https://hitstergame.com/au/aaah0001/00042,1988,,unresolved,no,unresolved_missing_physical_card_back_year,aaaa0005,7o2CTH4ctstm8TNelqjb51,aaah0001,7o2CTH4ctstm8TNelqjb51,7o2CTH4ctstm8TNelqjb51,Sweet Child O' Mine,Guns N' Roses,high,identity only: https://stgroupprdhitster.blob.core.windows.net/hitster-assets/gameset_database.json sku=aaaa0005 card=00042; ordered title reference: https://open.spotify.com/track/7o2CTH4ctstm8TNelqjb51; printed-year evidence: not available,1987,1988,community_bopster_year_differs
43,00043,https://hitstergame.com/uk/aaaa0005/00043,https://hitstergame.com/au/aaah0001/00043,1981,,unresolved,no,unresolved_missing_physical_card_back_year,aaaa0005,4bHsxqR3GMrXTxEPLuK5ue,aaah0001,4bHsxqR3GMrXTxEPLuK5ue,4bHsxqR3GMrXTxEPLuK5ue,Don't Stop Believin',Journey,high,identity only: https://stgroupprdhitster.blob.core.windows.net/hitster-assets/gameset_database.json sku=aaaa0005 card=00043; ordered title reference: https://open.spotify.com/track/4bHsxqR3GMrXTxEPLuK5ue; printed-year evidence: not available,1981,1981,none
44,00044,https://hitstergame.com/uk/aaaa0005/00044,https://hitstergame.com/au/aaah0001/00044,1999,,unresolved,no,unresolved_missing_physical_card_back_year,aaaa0005,11mwFrKvLXCbcVGNxffGyP,aaah0001,11mwFrKvLXCbcVGNxffGyP,11mwFrKvLXCbcVGNxffGyP,Genie In a Bottle,Christina Aguilera,high,identity only: https://stgroupprdhitster.blob.core.windows.net/hitster-assets/gameset_database.json sku=aaaa0005 card=00044; ordered title reference: https://open.spotify.com/track/11mwFrKvLXCbcVGNxffGyP; printed-year evidence: not available,1999,1999,none
45,00045,https://hitstergame.com/uk/aaaa0005/00045,https://hitstergame.com/au/aaah0001/00045,1967,,unresolved,no,unresolved_missing_physical_card_back_year,aaaa0005,7s25THrKz86DM225dOYwnr,aaah0001,7s25THrKz86DM225dOYwnr,7s25THrKz86DM225dOYwnr,Respect,Aretha Franklin,high,identity only: https://stgroupprdhitster.blob.core.windows.net/hitster-assets/gameset_database.json sku=aaaa0005 card=00045; ordered title reference: https://open.spotify.com/track/7s25THrKz86DM225dOYwnr; printed-year evidence: not available,1967,1967,none
46,00046,https://hitstergame.com/uk/aaaa0005/00046,https://hitstergame.com/au/aaah0001/00046,2004,,unresolved,no,unresolved_missing_physical_card_back_year,aaaa0005,20I8RduZC2PWMWTDCZuuAN,aaah0001,20I8RduZC2PWMWTDCZuuAN,20I8RduZC2PWMWTDCZuuAN,Take Me Out,Franz Ferdinand,high,identity only: https://stgroupprdhitster.blob.core.windows.net/hitster-assets/gameset_database.json sku=aaaa0005 card=00046; ordered title reference: https://open.spotify.com/track/20I8RduZC2PWMWTDCZuuAN; printed-year evidence: not available,2004,2003,musicbrainz_candidate_differs
47,00047,https://hitstergame.com/uk/aaaa0005/00047,https://hitstergame.com/au/aaah0001/00047,1973,,unresolved,no,unresolved_missing_physical_card_back_year,aaaa0005,1O0xeZrBDbq7HPREdmYUYK,aaah0001,1O0xeZrBDbq7HPREdmYUYK,1O0xeZrBDbq7HPREdmYUYK,"Bad, Bad Leroy Brown",Jim Croce,high,identity only: https://stgroupprdhitster.blob.core.windows.net/hitster-assets/gameset_database.json sku=aaaa0005 card=00047; ordered title reference: https://open.spotify.com/track/1O0xeZrBDbq7HPREdmYUYK; printed-year evidence: not available,1973,1973,none
48,00048,https://hitstergame.com/uk/aaaa0005/00048,https://hitstergame.com/au/aaah0001/00048,1998,,unresolved,no,unresolved_missing_physical_card_back_year,aaaa0005,1OxcIUqVmVYxT6427tbhDW,aaah0001,1OxcIUqVmVYxT6427tbhDW,1OxcIUqVmVYxT6427tbhDW,Fly Away,Lenny Kravitz,high,identity only: https://stgroupprdhitster.blob.core.windows.net/hitster-assets/gameset_database.json sku=aaaa0005 card=00048; ordered title reference: https://open.spotify.com/track/1OxcIUqVmVYxT6427tbhDW; printed-year evidence: not available,1998,1998,none
49,00049,https://hitstergame.com/uk/aaaa0005/00049,https://hitstergame.com/au/aaah0001/00049,1987,,unresolved,no,unresolved_missing_physical_card_back_year,aaaa0005,0HEmnAUT8PHznIAAmVXqFJ,aaah0001,0HEmnAUT8PHznIAAmVXqFJ,0HEmnAUT8PHznIAAmVXqFJ,Faith - Remastered,George Michael,high,identity only: https://stgroupprdhitster.blob.core.windows.net/hitster-assets/gameset_database.json sku=aaaa0005 card=00049; ordered title reference: https://open.spotify.com/track/0HEmnAUT8PHznIAAmVXqFJ; printed-year evidence: not available,1987,1987,none
50,00050,https://hitstergame.com/uk/aaaa0005/00050,https://hitstergame.com/au/aaah0001/00050,2005,,unresolved,no,unresolved_missing_physical_card_back_year,aaaa0005,0vg4WnUWvze6pBOJDTq99k,aaah0001,0vg4WnUWvze6pBOJDTq99k,0vg4WnUWvze6pBOJDTq99k,You're Beautiful,James Blunt,high,identity only: https://stgroupprdhitster.blob.core.windows.net/hitster-assets/gameset_database.json sku=aaaa0005 card=00050; ordered title reference: https://open.spotify.com/track/0vg4WnUWvze6pBOJDTq99k; printed-year evidence: not available,2005,2005,none
51,00051,https://hitstergame.com/uk/aaaa0005/00051,https://hitstergame.com/au/aaah0001/00051,2007,,unresolved,no,unresolved_missing_physical_card_back_year,aaaa0005,1xsY8IFXUrxeet1Fcmk4oC,aaah0001,1xsY8IFXUrxeet1Fcmk4oC,1xsY8IFXUrxeet1Fcmk4oC,In the Mood,Glenn Miller,high,identity only: https://stgroupprdhitster.blob.core.windows.net/hitster-assets/gameset_database.json sku=aaaa0005 card=00051; ordered title reference: https://open.spotify.com/track/1xsY8IFXUrxeet1Fcmk4oC; printed-year evidence: not available,2010,1939,community_bopster_year_differs;musicbrainz_candidate_differs
52,00052,https://hitstergame.com/uk/aaaa0005/00052,https://hitstergame.com/au/aaah0001/00052,2019,,unresolved,no,unresolved_missing_physical_card_back_year,aaaa0005,2Fxmhks0bxGSBdJ92vM42m,aaah0001,2Fxmhks0bxGSBdJ92vM42m,2Fxmhks0bxGSBdJ92vM42m,bad guy,Billie Eilish,high,identity only: https://stgroupprdhitster.blob.core.windows.net/hitster-assets/gameset_database.json sku=aaaa0005 card=00052; ordered title reference: https://open.spotify.com/track/2Fxmhks0bxGSBdJ92vM42m; printed-year evidence: not available,2019,2019,none
53,00053,https://hitstergame.com/uk/aaaa0005/00053,https://hitstergame.com/au/aaah0001/00053,2009,,unresolved,no,unresolved_missing_physical_card_back_year,aaaa0005,3DamFFqW32WihKkTVlwTYQ,aaah0001,3DamFFqW32WihKkTVlwTYQ,3DamFFqW32WihKkTVlwTYQ,Fireflies,Owl City,high,identity only: https://stgroupprdhitster.blob.core.windows.net/hitster-assets/gameset_database.json sku=aaaa0005 card=00053; ordered title reference: https://open.spotify.com/track/3DamFFqW32WihKkTVlwTYQ; printed-year evidence: not available,2009,2009,none
54,00054,https://hitstergame.com/uk/aaaa0005/00054,https://hitstergame.com/au/aaah0001/00054,1977,,unresolved,no,unresolved_missing_physical_card_back_year,aaaa0005,4UDmDIqJIbrW0hMBQMFOsM,aaah0001,4UDmDIqJIbrW0hMBQMFOsM,4UDmDIqJIbrW0hMBQMFOsM,Stayin' Alive,Bee Gees,high,identity only: https://stgroupprdhitster.blob.core.windows.net/hitster-assets/gameset_database.json sku=aaaa0005 card=00054; ordered title reference: https://open.spotify.com/track/4UDmDIqJIbrW0hMBQMFOsM; printed-year evidence: not available,1977,1977,none
55,00055,https://hitstergame.com/uk/aaaa0005/00055,https://hitstergame.com/au/aaah0001/00055,1968,,unresolved,no,unresolved_missing_physical_card_back_year,aaaa0005,63OFKbMaZSDZ4wtesuuq6f,aaah0001,63OFKbMaZSDZ4wtesuuq6f,63OFKbMaZSDZ4wtesuuq6f,Born To Be Wild,Steppenwolf,high,identity only: https://stgroupprdhitster.blob.core.windows.net/hitster-assets/gameset_database.json sku=aaaa0005 card=00055; ordered title reference: https://open.spotify.com/track/63OFKbMaZSDZ4wtesuuq6f; printed-year evidence: not available,1968,1968,none
56,00056,https://hitstergame.com/uk/aaaa0005/00056,https://hitstergame.com/au/aaah0001/00056,2004,,unresolved,no,unresolved_missing_physical_card_back_year,aaaa0005,2EtZFeLn9msgg4qJzT9Vql,aaah0001,2EtZFeLn9msgg4qJzT9Vql,2EtZFeLn9msgg4qJzT9Vql,Can't Stand Me Now,The Libertines,high,identity only: https://stgroupprdhitster.blob.core.windows.net/hitster-assets/gameset_database.json sku=aaaa0005 card=00056; ordered title reference: https://open.spotify.com/track/2EtZFeLn9msgg4qJzT9Vql; printed-year evidence: not available,2004,2004,none
57,00057,https://hitstergame.com/uk/aaaa0005/00057,https://hitstergame.com/au/aaah0001/00057,1994,,unresolved,no,unresolved_missing_physical_card_back_year,aaaa0005,7FSzJQV6thyoQptFCUTV9c,aaah0001,7FSzJQV6thyoQptFCUTV9c,7FSzJQV6thyoQptFCUTV9c,Parklife - 2012 Remaster,Blur,high,identity only: https://stgroupprdhitster.blob.core.windows.net/hitster-assets/gameset_database.json sku=aaaa0005 card=00057; ordered title reference: https://open.spotify.com/track/7FSzJQV6thyoQptFCUTV9c; printed-year evidence: not available,1994,1995,musicbrainz_candidate_differs
58,00058,https://hitstergame.com/uk/aaaa0005/00058,https://hitstergame.com/au/aaah0001/00058,2012,,unresolved,no,unresolved_missing_physical_card_back_year,aaaa0005,4SDWMFvYJKtK1QPhIOeZhd,aaah0001,4SDWMFvYJKtK1QPhIOeZhd,4SDWMFvYJKtK1QPhIOeZhd,Royals,Lorde,high,identity only: https://stgroupprdhitster.blob.core.windows.net/hitster-assets/gameset_database.json sku=aaaa0005 card=00058; ordered title reference: https://open.spotify.com/track/4SDWMFvYJKtK1QPhIOeZhd; printed-year evidence: not available,2013,2012,community_bopster_year_differs
59,00059,https://hitstergame.com/uk/aaaa0005/00059,https://hitstergame.com/au/aaah0001/00059,1997,,unresolved,no,unresolved_missing_physical_card_back_year,aaaa0005,57iDDD9N9tTWe75x6qhStw,aaah0001,57iDDD9N9tTWe75x6qhStw,57iDDD9N9tTWe75x6qhStw,Bitter Sweet Symphony - Remastered 2016,The Verve,high,identity only: https://stgroupprdhitster.blob.core.windows.net/hitster-assets/gameset_database.json sku=aaaa0005 card=00059; ordered title reference: https://open.spotify.com/track/57iDDD9N9tTWe75x6qhStw; printed-year evidence: not available,1997,1997,none
60,00060,https://hitstergame.com/uk/aaaa0005/00060,https://hitstergame.com/au/aaah0001/00060,2013,,unresolved,no,unresolved_missing_physical_card_back_year,aaaa0005,3cHyrEgdyYRjgJKSOiOtcS,aaah0001,3cHyrEgdyYRjgJKSOiOtcS,3cHyrEgdyYRjgJKSOiOtcS,Timber,Pitbull,high,identity only: https://stgroupprdhitster.blob.core.windows.net/hitster-assets/gameset_database.json sku=aaaa0005 card=00060; ordered title reference: https://open.spotify.com/track/3cHyrEgdyYRjgJKSOiOtcS; printed-year evidence: not available,2012,2013,community_bopster_year_differs
61,00061,https://hitstergame.com/uk/aaaa0005/00061,https://hitstergame.com/au/aaah0001/00061,1972,,unresolved,no,unresolved_missing_physical_card_back_year,aaaa0005,28285KFbyCq8sJofn58qlD,aaah0001,28285KFbyCq8sJofn58qlD,28285KFbyCq8sJofn58qlD,Love Train,The O'Jays,high,identity only: https://stgroupprdhitster.blob.core.windows.net/hitster-assets/gameset_database.json sku=aaaa0005 card=00061; ordered title reference: https://open.spotify.com/track/28285KFbyCq8sJofn58qlD; printed-year evidence: not available,1972,2002,musicbrainz_candidate_differs
62,00062,https://hitstergame.com/uk/aaaa0005/00062,https://hitstergame.com/au/aaah0001/00062,1966,,unresolved,no,unresolved_missing_physical_card_back_year,aaaa0005,3G7tRC24Uh09Hmp1KZ7LQ2,aaah0001,3G7tRC24Uh09Hmp1KZ7LQ2,3G7tRC24Uh09Hmp1KZ7LQ2,I'm a Believer - 2006 Remaster,The Monkees,high,identity only: https://stgroupprdhitster.blob.core.windows.net/hitster-assets/gameset_database.json sku=aaaa0005 card=00062; ordered title reference: https://open.spotify.com/track/3G7tRC24Uh09Hmp1KZ7LQ2; printed-year evidence: not available,1967,1975,community_bopster_year_differs;musicbrainz_candidate_differs
63,00063,https://hitstergame.com/uk/aaaa0005/00063,https://hitstergame.com/au/aaah0001/00063,1978,,unresolved,no,unresolved_missing_physical_card_back_year,aaaa0005,7Kszjzps0xbQXyo1pO4KfE,aaah0001,4qL9VYPB4XwJKAOq4xn2Mh,7Kszjzps0xbQXyo1pO4KfE,Le Freak - 2018 Remaster,CHIC,high,identity only: https://stgroupprdhitster.blob.core.windows.net/hitster-assets/gameset_database.json sku=aaaa0005 card=00063; ordered title reference: https://open.spotify.com/track/7Kszjzps0xbQXyo1pO4KfE; printed-year evidence: not available,1978,1978,uk_au_equivalent_spotify_ids_differ
64,00064,https://hitstergame.com/uk/aaaa0005/00064,https://hitstergame.com/au/aaah0001/00064,1976,,unresolved,no,unresolved_missing_physical_card_back_year,aaaa0005,5moTxUGPZXgGmosl4rIELm,aaah0001,5moTxUGPZXgGmosl4rIELm,5moTxUGPZXgGmosl4rIELm,Anarchy In The UK,Sex Pistols,high,identity only: https://stgroupprdhitster.blob.core.windows.net/hitster-assets/gameset_database.json sku=aaaa0005 card=00064; ordered title reference: https://open.spotify.com/track/5moTxUGPZXgGmosl4rIELm; printed-year evidence: not available,1977,1976,community_bopster_year_differs
65,00065,https://hitstergame.com/uk/aaaa0005/00065,https://hitstergame.com/au/aaah0001/00065,2012,,unresolved,no,unresolved_missing_physical_card_back_year,aaaa0005,1mKXFLRA179hdOWQBwUk9e,aaah0001,1mKXFLRA179hdOWQBwUk9e,1mKXFLRA179hdOWQBwUk9e,Just Give Me a Reason (feat. Nate Ruess),P!nk,high,identity only: https://stgroupprdhitster.blob.core.windows.net/hitster-assets/gameset_database.json sku=aaaa0005 card=00065; ordered title reference: https://open.spotify.com/track/1mKXFLRA179hdOWQBwUk9e; printed-year evidence: not available,2012,2013,musicbrainz_candidate_differs
66,00066,https://hitstergame.com/uk/aaaa0005/00066,https://hitstergame.com/au/aaah0001/00066,2008,,unresolved,no,unresolved_missing_physical_card_back_year,aaaa0005,1OZSVl0JJ1MBzibpuhmmXb,aaah0001,1OZSVl0JJ1MBzibpuhmmXb,1OZSVl0JJ1MBzibpuhmmXb,One Day Like This,Elbow,high,identity only: https://stgroupprdhitster.blob.core.windows.net/hitster-assets/gameset_database.json sku=aaaa0005 card=00066; ordered title reference: https://open.spotify.com/track/1OZSVl0JJ1MBzibpuhmmXb; printed-year evidence: not available,2008,2008,none
67,00067,https://hitstergame.com/uk/aaaa0005/00067,https://hitstergame.com/au/aaah0001/00067,1998,,unresolved,no,unresolved_missing_physical_card_back_year,aaaa0005,10yY7i70r9wtllofw0GIpx,aaah0001,10yY7i70r9wtllofw0GIpx,10yY7i70r9wtllofw0GIpx,Praise You,Fatboy Slim,high,identity only: https://stgroupprdhitster.blob.core.windows.net/hitster-assets/gameset_database.json sku=aaaa0005 card=00067; ordered title reference: https://open.spotify.com/track/10yY7i70r9wtllofw0GIpx; printed-year evidence: not available,1998,1998,none
68,00068,https://hitstergame.com/uk/aaaa0005/00068,https://hitstergame.com/au/aaah0001/00068,1990,,unresolved,no,unresolved_missing_physical_card_back_year,aaaa0005,57bgtoPSgt236HzfBOd8kj,aaah0001,57bgtoPSgt236HzfBOd8kj,57bgtoPSgt236HzfBOd8kj,Thunderstruck,AC/DC,high,identity only: https://stgroupprdhitster.blob.core.windows.net/hitster-assets/gameset_database.json sku=aaaa0005 card=00068; ordered title reference: https://open.spotify.com/track/57bgtoPSgt236HzfBOd8kj; printed-year evidence: not available,1990,1990,none
69,00069,https://hitstergame.com/uk/aaaa0005/00069,https://hitstergame.com/au/aaah0001/00069,1998,,unresolved,no,unresolved_missing_physical_card_back_year,aaaa0005,4I7DV3MIgxJGlObiy9s6nx,aaah0001,4I7DV3MIgxJGlObiy9s6nx,4I7DV3MIgxJGlObiy9s6nx,That Don't Impress Me Much,Shania Twain,high,identity only: https://stgroupprdhitster.blob.core.windows.net/hitster-assets/gameset_database.json sku=aaaa0005 card=00069; ordered title reference: https://open.spotify.com/track/4I7DV3MIgxJGlObiy9s6nx; printed-year evidence: not available,1999,1997,community_bopster_year_differs;musicbrainz_candidate_differs
70,00070,https://hitstergame.com/uk/aaaa0005/00070,https://hitstergame.com/au/aaah0001/00070,1978,,unresolved,no,unresolved_missing_physical_card_back_year,aaaa0005,4YOJFyjqh8eAcbKFfv88mV,aaah0001,3ypMsqUwfNFMiooMLVHfkp,4YOJFyjqh8eAcbKFfv88mV,Y.M.C.A.,Village People,high,identity only: https://stgroupprdhitster.blob.core.windows.net/hitster-assets/gameset_database.json sku=aaaa0005 card=00070; ordered title reference: https://open.spotify.com/track/4YOJFyjqh8eAcbKFfv88mV; printed-year evidence: not available,1978,1978,uk_au_equivalent_spotify_ids_differ
71,00071,https://hitstergame.com/uk/aaaa0005/00071,https://hitstergame.com/au/aaah0001/00071,2009,,unresolved,no,unresolved_missing_physical_card_back_year,aaaa0005,2H1047e0oMSj10dgp7p2VG,aaah0001,2H1047e0oMSj10dgp7p2VG,2H1047e0oMSj10dgp7p2VG,I Gotta Feeling,Black Eyed Peas,high,identity only: https://stgroupprdhitster.blob.core.windows.net/hitster-assets/gameset_database.json sku=aaaa0005 card=00071; ordered title reference: https://open.spotify.com/track/2H1047e0oMSj10dgp7p2VG; printed-year evidence: not available,2009,2008,musicbrainz_candidate_differs
72,00072,https://hitstergame.com/uk/aaaa0005/00072,https://hitstergame.com/au/aaah0001/00072,2009,,unresolved,no,unresolved_missing_physical_card_back_year,aaaa0005,7xkQdy0cy5ymoWT7nedvLz,aaah0001,7xkQdy0cy5ymoWT7nedvLz,7xkQdy0cy5ymoWT7nedvLz,Whatcha Say,Jason Derulo,high,identity only: https://stgroupprdhitster.blob.core.windows.net/hitster-assets/gameset_database.json sku=aaaa0005 card=00072; ordered title reference: https://open.spotify.com/track/7xkQdy0cy5ymoWT7nedvLz; printed-year evidence: not available,2010,2009,community_bopster_year_differs
73,00073,https://hitstergame.com/uk/aaaa0005/00073,https://hitstergame.com/au/aaah0001/00073,1978,,unresolved,no,unresolved_missing_physical_card_back_year,aaaa0005,41AE8ODX2JETBCa6muhSLY,aaah0001,41AE8ODX2JETBCa6muhSLY,41AE8ODX2JETBCa6muhSLY,Heart Of Glass,Blondie,high,identity only: https://stgroupprdhitster.blob.core.windows.net/hitster-assets/gameset_database.json sku=aaaa0005 card=00073; ordered title reference: https://open.spotify.com/track/41AE8ODX2JETBCa6muhSLY; printed-year evidence: not available,2006,1978,community_bopster_year_differs
74,00074,https://hitstergame.com/uk/aaaa0005/00074,https://hitstergame.com/au/aaah0001/00074,1958,,unresolved,no,unresolved_missing_physical_card_back_year,aaaa0005,2aEeghgUcnu75tzcolFMfs,aaah0001,2aEeghgUcnu75tzcolFMfs,2aEeghgUcnu75tzcolFMfs,La Bamba - Single Version,Ritchie Valens,high,identity only: https://stgroupprdhitster.blob.core.windows.net/hitster-assets/gameset_database.json sku=aaaa0005 card=00074; ordered title reference: https://open.spotify.com/track/2aEeghgUcnu75tzcolFMfs; printed-year evidence: not available,1959,1958,community_bopster_year_differs
75,00075,https://hitstergame.com/uk/aaaa0005/00075,https://hitstergame.com/au/aaah0001/00075,1983,,unresolved,no,unresolved_missing_physical_card_back_year,aaaa0005,3cbV252akVZInSvJk7jAYX,aaah0001,3cbV252akVZInSvJk7jAYX,3cbV252akVZInSvJk7jAYX,Flashdance...What a Feeling - Radio Edit,Irene Cara,high,identity only: https://stgroupprdhitster.blob.core.windows.net/hitster-assets/gameset_database.json sku=aaaa0005 card=00075; ordered title reference: https://open.spotify.com/track/3cbV252akVZInSvJk7jAYX; printed-year evidence: not available,1983,1983,none
76,00076,https://hitstergame.com/uk/aaaa0005/00076,https://hitstergame.com/au/aaah0001/00076,2012,,unresolved,no,unresolved_missing_physical_card_back_year,aaaa0005,3vbJPtXl5luZNy8XEyR5fF,aaah0001,3vbJPtXl5luZNy8XEyR5fF,3vbJPtXl5luZNy8XEyR5fF,Second Hand Rose,Fanny Brice,high,identity only: https://stgroupprdhitster.blob.core.windows.net/hitster-assets/gameset_database.json sku=aaaa0005 card=00076; ordered title reference: https://open.spotify.com/track/3vbJPtXl5luZNy8XEyR5fF; printed-year evidence: not available,2012,1989,musicbrainz_candidate_differs
77,00077,https://hitstergame.com/uk/aaaa0005/00077,https://hitstergame.com/au/aaah0001/00077,2018,,unresolved,no,unresolved_missing_physical_card_back_year,aaaa0005,2BgEsaKNfHUdlh97KmvFyo,aaah0001,2BgEsaKNfHUdlh97KmvFyo,2BgEsaKNfHUdlh97KmvFyo,2002,Anne-Marie,high,identity only: https://stgroupprdhitster.blob.core.windows.net/hitster-assets/gameset_database.json sku=aaaa0005 card=00077; ordered title reference: https://open.spotify.com/track/2BgEsaKNfHUdlh97KmvFyo; printed-year evidence: not available,2018,,musicbrainz_candidate_unresolved
78,00078,https://hitstergame.com/uk/aaaa0005/00078,https://hitstergame.com/au/aaah0001/00078,1991,,unresolved,no,unresolved_missing_physical_card_back_year,aaaa0005,4CeeEOM32jQcH3eN9Q2dGj,aaah0001,4CeeEOM32jQcH3eN9Q2dGj,4CeeEOM32jQcH3eN9Q2dGj,Smells Like Teen Spirit,Nirvana,high,identity only: https://stgroupprdhitster.blob.core.windows.net/hitster-assets/gameset_database.json sku=aaaa0005 card=00078; ordered title reference: https://open.spotify.com/track/4CeeEOM32jQcH3eN9Q2dGj; printed-year evidence: not available,1991,1991,none
79,00079,https://hitstergame.com/uk/aaaa0005/00079,https://hitstergame.com/au/aaah0001/00079,1978,,unresolved,no,unresolved_missing_physical_card_back_year,aaaa0005,3EYOJ48Et32uATr9ZmLnAo,aaah0001,3EYOJ48Et32uATr9ZmLnAo,3EYOJ48Et32uATr9ZmLnAo,Roxanne,The Police,high,identity only: https://stgroupprdhitster.blob.core.windows.net/hitster-assets/gameset_database.json sku=aaaa0005 card=00079; ordered title reference: https://open.spotify.com/track/3EYOJ48Et32uATr9ZmLnAo; printed-year evidence: not available,1978,1978,none
80,00080,https://hitstergame.com/uk/aaaa0005/00080,https://hitstergame.com/au/aaah0001/00080,1979,,unresolved,no,unresolved_missing_physical_card_back_year,aaaa0005,4QQEzkxcONBthDLfzqIh9S,aaah0001,4QQEzkxcONBthDLfzqIh9S,4QQEzkxcONBthDLfzqIh9S,Cars,Gary Numan,high,identity only: https://stgroupprdhitster.blob.core.windows.net/hitster-assets/gameset_database.json sku=aaaa0005 card=00080; ordered title reference: https://open.spotify.com/track/4QQEzkxcONBthDLfzqIh9S; printed-year evidence: not available,1979,1979,none
81,00081,https://hitstergame.com/uk/aaaa0005/00081,https://hitstergame.com/au/aaah0001/00081,1972,,unresolved,no,unresolved_missing_physical_card_back_year,aaaa0005,4N0TP4Rmj6QQezWV88ARNJ,aaah0001,4N0TP4Rmj6QQezWV88ARNJ,4N0TP4Rmj6QQezWV88ARNJ,Superstition,Stevie Wonder,high,identity only: https://stgroupprdhitster.blob.core.windows.net/hitster-assets/gameset_database.json sku=aaaa0005 card=00081; ordered title reference: https://open.spotify.com/track/4N0TP4Rmj6QQezWV88ARNJ; printed-year evidence: not available,1972,1972,none
82,00082,https://hitstergame.com/uk/aaaa0005/00082,https://hitstergame.com/au/aaah0001/00082,2005,,unresolved,no,unresolved_missing_physical_card_back_year,aaaa0005,0LzrhCZFXW94Y8nwtTuRlw,aaah0001,0LzrhCZFXW94Y8nwtTuRlw,0LzrhCZFXW94Y8nwtTuRlw,Hollaback Girl,Gwen Stefani,high,identity only: https://stgroupprdhitster.blob.core.windows.net/hitster-assets/gameset_database.json sku=aaaa0005 card=00082; ordered title reference: https://open.spotify.com/track/0LzrhCZFXW94Y8nwtTuRlw; printed-year evidence: not available,2004,2004,community_bopster_year_differs;musicbrainz_candidate_differs
83,00083,https://hitstergame.com/uk/aaaa0005/00083,https://hitstergame.com/au/aaah0001/00083,1950,,unresolved,no,unresolved_missing_physical_card_back_year,aaaa0005,5dae01pKNjRQtgOeAkFzPY,aaah0001,5dae01pKNjRQtgOeAkFzPY,5dae01pKNjRQtgOeAkFzPY,Mona Lisa,Nat King Cole,high,identity only: https://stgroupprdhitster.blob.core.windows.net/hitster-assets/gameset_database.json sku=aaaa0005 card=00083; ordered title reference: https://open.spotify.com/track/5dae01pKNjRQtgOeAkFzPY; printed-year evidence: not available,1954,1964,community_bopster_year_differs;musicbrainz_candidate_differs
84,00084,https://hitstergame.com/uk/aaaa0005/00084,https://hitstergame.com/au/aaah0001/00084,1985,,unresolved,no,unresolved_missing_physical_card_back_year,aaaa0005,2WfaOiMkCvy7F5fcp2zZ8L,aaah0001,2WfaOiMkCvy7F5fcp2zZ8L,2WfaOiMkCvy7F5fcp2zZ8L,Take on Me,a-ha,high,identity only: https://stgroupprdhitster.blob.core.windows.net/hitster-assets/gameset_database.json sku=aaaa0005 card=00084; ordered title reference: https://open.spotify.com/track/2WfaOiMkCvy7F5fcp2zZ8L; printed-year evidence: not available,1985,2004,musicbrainz_candidate_differs
85,00085,https://hitstergame.com/uk/aaaa0005/00085,https://hitstergame.com/au/aaah0001/00085,2017,,unresolved,no,unresolved_missing_physical_card_back_year,aaaa0005,6Pgkp4qUoTmJIPn7ReaGxL,aaah0001,6Pgkp4qUoTmJIPn7ReaGxL,6Pgkp4qUoTmJIPn7ReaGxL,Without You (feat. Sandro Cavazza),Avicii,high,identity only: https://stgroupprdhitster.blob.core.windows.net/hitster-assets/gameset_database.json sku=aaaa0005 card=00085; ordered title reference: https://open.spotify.com/track/6Pgkp4qUoTmJIPn7ReaGxL; printed-year evidence: not available,2017,2011,musicbrainz_candidate_differs
86,00086,https://hitstergame.com/uk/aaaa0005/00086,https://hitstergame.com/au/aaah0001/00086,2006,,unresolved,no,unresolved_missing_physical_card_back_year,aaaa0005,3N4DI1vuTSX1tz7fa2NQZw,aaah0001,3N4DI1vuTSX1tz7fa2NQZw,3N4DI1vuTSX1tz7fa2NQZw,Rehab,Amy Winehouse,high,identity only: https://stgroupprdhitster.blob.core.windows.net/hitster-assets/gameset_database.json sku=aaaa0005 card=00086; ordered title reference: https://open.spotify.com/track/3N4DI1vuTSX1tz7fa2NQZw; printed-year evidence: not available,2006,2006,none
87,00087,https://hitstergame.com/uk/aaaa0005/00087,https://hitstergame.com/au/aaah0001/00087,1995,,unresolved,no,unresolved_missing_physical_card_back_year,aaaa0005,1DIXPcTDzTj8ZMHt3PDt8p,aaah0001,1DIXPcTDzTj8ZMHt3PDt8p,1DIXPcTDzTj8ZMHt3PDt8p,Gangsta's Paradise,Coolio,high,identity only: https://stgroupprdhitster.blob.core.windows.net/hitster-assets/gameset_database.json sku=aaaa0005 card=00087; ordered title reference: https://open.spotify.com/track/1DIXPcTDzTj8ZMHt3PDt8p; printed-year evidence: not available,1995,1996,musicbrainz_candidate_differs
88,00088,https://hitstergame.com/uk/aaaa0005/00088,https://hitstergame.com/au/aaah0001/00088,2015,,unresolved,no,unresolved_missing_physical_card_back_year,aaaa0005,5kqIPrATaCc2LqxVWzQGbk,aaah0001,5kqIPrATaCc2LqxVWzQGbk,5kqIPrATaCc2LqxVWzQGbk,7 Years,Lukas Graham,high,identity only: https://stgroupprdhitster.blob.core.windows.net/hitster-assets/gameset_database.json sku=aaaa0005 card=00088; ordered title reference: https://open.spotify.com/track/5kqIPrATaCc2LqxVWzQGbk; printed-year evidence: not available,2016,2015,community_bopster_year_differs
89,00089,https://hitstergame.com/uk/aaaa0005/00089,https://hitstergame.com/au/aaah0001/00089,1994,,unresolved,no,unresolved_missing_physical_card_back_year,aaaa0005,6dHTkQYY3zdR9i9Nj0IGVW,aaah0001,6dHTkQYY3zdR9i9Nj0IGVW,6dHTkQYY3zdR9i9Nj0IGVW,"I Like To Move It (feat. The Mad Stuntman) - Erick ""More"" Album Mix",Reel 2 Real,high,identity only: https://stgroupprdhitster.blob.core.windows.net/hitster-assets/gameset_database.json sku=aaaa0005 card=00089; ordered title reference: https://open.spotify.com/track/6dHTkQYY3zdR9i9Nj0IGVW; printed-year evidence: not available,1994,1993,musicbrainz_candidate_differs
90,00090,https://hitstergame.com/uk/aaaa0005/00090,https://hitstergame.com/au/aaah0001/00090,1953,,unresolved,no,unresolved_missing_physical_card_back_year,aaaa0005,6GYqOflskcZxPj8rkTZkOy,aaah0001,6GYqOflskcZxPj8rkTZkOy,6GYqOflskcZxPj8rkTZkOy,That's Amore,Dean Martin,high,identity only: https://stgroupprdhitster.blob.core.windows.net/hitster-assets/gameset_database.json sku=aaaa0005 card=00090; ordered title reference: https://open.spotify.com/track/6GYqOflskcZxPj8rkTZkOy; printed-year evidence: not available,2009,1973,community_bopster_year_differs;musicbrainz_candidate_differs
91,00091,https://hitstergame.com/uk/aaaa0005/00091,https://hitstergame.com/au/aaah0001/00091,1982,,unresolved,no,unresolved_missing_physical_card_back_year,aaaa0005,1pydT12pGHLgfj3JLxWIUB,aaah0001,1pydT12pGHLgfj3JLxWIUB,1pydT12pGHLgfj3JLxWIUB,White Wedding – Part 1,Billy Idol,high,identity only: https://stgroupprdhitster.blob.core.windows.net/hitster-assets/gameset_database.json sku=aaaa0005 card=00091; ordered title reference: https://open.spotify.com/track/1pydT12pGHLgfj3JLxWIUB; printed-year evidence: not available,2009,2005,community_bopster_year_differs;musicbrainz_candidate_differs
92,00092,https://hitstergame.com/uk/aaaa0005/00092,https://hitstergame.com/au/aaah0001/00092,1991,,unresolved,no,unresolved_missing_physical_card_back_year,aaaa0005,3YRCqOhFifThpSRFJ1VWFM,aaah0001,3YRCqOhFifThpSRFJ1VWFM,3YRCqOhFifThpSRFJ1VWFM,November Rain,Guns N' Roses,high,identity only: https://stgroupprdhitster.blob.core.windows.net/hitster-assets/gameset_database.json sku=aaaa0005 card=00092; ordered title reference: https://open.spotify.com/track/3YRCqOhFifThpSRFJ1VWFM; printed-year evidence: not available,1991,1986,musicbrainz_candidate_differs
93,00093,https://hitstergame.com/uk/aaaa0005/00093,https://hitstergame.com/au/aaah0001/00093,1983,,unresolved,no,unresolved_missing_physical_card_back_year,aaaa0005,2K22nUTdyr48JDwI5t906t,aaah0001,2K22nUTdyr48JDwI5t906t,2K22nUTdyr48JDwI5t906t,Relax (Come Fighting),Frankie Goes To Hollywood,high,identity only: https://stgroupprdhitster.blob.core.windows.net/hitster-assets/gameset_database.json sku=aaaa0005 card=00093; ordered title reference: https://open.spotify.com/track/2K22nUTdyr48JDwI5t906t; printed-year evidence: not available,1984,2003,community_bopster_year_differs;musicbrainz_candidate_differs
94,00094,https://hitstergame.com/uk/aaaa0005/00094,https://hitstergame.com/au/aaah0001/00094,1971,,unresolved,no,unresolved_missing_physical_card_back_year,aaaa0005,1fDsrQ23eTAVFElUMaf38X,aaah0001,1fDsrQ23eTAVFElUMaf38X,1fDsrQ23eTAVFElUMaf38X,American Pie,Don McLean,high,identity only: https://stgroupprdhitster.blob.core.windows.net/hitster-assets/gameset_database.json sku=aaaa0005 card=00094; ordered title reference: https://open.spotify.com/track/1fDsrQ23eTAVFElUMaf38X; printed-year evidence: not available,1971,1971,none
95,00095,https://hitstergame.com/uk/aaaa0005/00095,https://hitstergame.com/au/aaah0001/00095,1989,,unresolved,no,unresolved_missing_physical_card_back_year,aaaa0005,7DFawVSjI88xR9mjnWwURg,aaah0001,7DFawVSjI88xR9mjnWwURg,7DFawVSjI88xR9mjnWwURg,If You Don't Know Me by Now - 2008 Remaster,Simply Red,high,identity only: https://stgroupprdhitster.blob.core.windows.net/hitster-assets/gameset_database.json sku=aaaa0005 card=00095; ordered title reference: https://open.spotify.com/track/7DFawVSjI88xR9mjnWwURg; printed-year evidence: not available,1989,1989,none
96,00096,https://hitstergame.com/uk/aaaa0005/00096,https://hitstergame.com/au/aaah0001/00096,1997,,unresolved,no,unresolved_missing_physical_card_back_year,aaaa0005,0weAUscowxeqDtpCgtbpgp,aaah0001,0weAUscowxeqDtpCgtbpgp,0weAUscowxeqDtpCgtbpgp,Gettin' Jiggy Wit It,Will Smith,high,identity only: https://stgroupprdhitster.blob.core.windows.net/hitster-assets/gameset_database.json sku=aaaa0005 card=00096; ordered title reference: https://open.spotify.com/track/0weAUscowxeqDtpCgtbpgp; printed-year evidence: not available,1997,1997,none
97,00097,https://hitstergame.com/uk/aaaa0005/00097,https://hitstergame.com/au/aaah0001/00097,1994,,unresolved,no,unresolved_missing_physical_card_back_year,aaaa0005,06hsdMbBxWGqBO0TV0Zrkf,aaah0001,06hsdMbBxWGqBO0TV0Zrkf,06hsdMbBxWGqBO0TV0Zrkf,Cotton Eye Joe,Rednex,high,identity only: https://stgroupprdhitster.blob.core.windows.net/hitster-assets/gameset_database.json sku=aaaa0005 card=00097; ordered title reference: https://open.spotify.com/track/06hsdMbBxWGqBO0TV0Zrkf; printed-year evidence: not available,1994,1994,none
98,00098,https://hitstergame.com/uk/aaaa0005/00098,https://hitstergame.com/au/aaah0001/00098,2014,,unresolved,no,unresolved_missing_physical_card_back_year,aaaa0005,5xTtaWoae3wi06K5WfVUUH,aaah0001,5xTtaWoae3wi06K5WfVUUH,5xTtaWoae3wi06K5WfVUUH,Shake It Off,Taylor Swift,high,identity only: https://stgroupprdhitster.blob.core.windows.net/hitster-assets/gameset_database.json sku=aaaa0005 card=00098; ordered title reference: https://open.spotify.com/track/5xTtaWoae3wi06K5WfVUUH; printed-year evidence: not available,2014,2014,none
99,00099,https://hitstergame.com/uk/aaaa0005/00099,https://hitstergame.com/au/aaah0001/00099,1997,,unresolved,no,unresolved_missing_physical_card_back_year,aaaa0005,28O4QR1TELuXdcnVw9Q6Kt,aaah0001,22HYEJveCvykVDHDiEEmjZ,28O4QR1TELuXdcnVw9Q6Kt,Tubthumping - Radio Edit,Chumbawamba,high,identity only: https://stgroupprdhitster.blob.core.windows.net/hitster-assets/gameset_database.json sku=aaaa0005 card=00099; ordered title reference: https://open.spotify.com/track/28O4QR1TELuXdcnVw9Q6Kt; printed-year evidence: not available,2019,1997,community_bopster_year_differs;uk_au_equivalent_spotify_ids_differ
100,00100,https://hitstergame.com/uk/aaaa0005/00100,https://hitstergame.com/au/aaah0001/00100,1968,,unresolved,no,unresolved_missing_physical_card_back_year,aaaa0005,6sPOmDulFtLzfX25zICNrC,aaah0001,6sPOmDulFtLzfX25zICNrC,6sPOmDulFtLzfX25zICNrC,Build Me Up Buttercup,The Foundations,high,identity only: https://stgroupprdhitster.blob.core.windows.net/hitster-assets/gameset_database.json sku=aaaa0005 card=00100; ordered title reference: https://open.spotify.com/track/6sPOmDulFtLzfX25zICNrC; printed-year evidence: not available,1968,1967,musicbrainz_candidate_differs
101,00101,https://hitstergame.com/uk/aaaa0005/00101,https://hitstergame.com/au/aaah0001/00101,2007,,unresolved,no,unresolved_missing_physical_card_back_year,aaaa0005,6IwKcFdiRQZOWeYNhUiWIv,aaah0001,6IwKcFdiRQZOWeYNhUiWIv,6IwKcFdiRQZOWeYNhUiWIv,No One,Alicia Keys,high,identity only: https://stgroupprdhitster.blob.core.windows.net/hitster-assets/gameset_database.json sku=aaaa0005 card=00101; ordered title reference: https://open.spotify.com/track/6IwKcFdiRQZOWeYNhUiWIv; printed-year evidence: not available,2007,2007,none
102,00102,https://hitstergame.com/uk/aaaa0005/00102,https://hitstergame.com/au/aaah0001/00102,1983,,unresolved,no,unresolved_missing_physical_card_back_year,aaaa0005,1JSTJqkT5qHq8MDJnJbRE1,aaah0001,1JSTJqkT5qHq8MDJnJbRE1,1JSTJqkT5qHq8MDJnJbRE1,Every Breath You Take,The Police,high,identity only: https://stgroupprdhitster.blob.core.windows.net/hitster-assets/gameset_database.json sku=aaaa0005 card=00102; ordered title reference: https://open.spotify.com/track/1JSTJqkT5qHq8MDJnJbRE1; printed-year evidence: not available,1983,1983,none
103,00103,https://hitstergame.com/uk/aaaa0005/00103,https://hitstergame.com/au/aaah0001/00103,2003,,unresolved,no,unresolved_missing_physical_card_back_year,aaaa0005,5IVuqXILoxVWvWEPm82Jxr,aaah0001,5IVuqXILoxVWvWEPm82Jxr,5IVuqXILoxVWvWEPm82Jxr,Crazy In Love (feat. JAY-Z),Beyoncé,high,identity only: https://stgroupprdhitster.blob.core.windows.net/hitster-assets/gameset_database.json sku=aaaa0005 card=00103; ordered title reference: https://open.spotify.com/track/5IVuqXILoxVWvWEPm82Jxr; printed-year evidence: not available,2003,2003,none
104,00104,https://hitstergame.com/uk/aaaa0005/00104,https://hitstergame.com/au/aaah0001/00104,1990,,unresolved,no,unresolved_missing_physical_card_back_year,aaaa0005,1JekRMGQ8iN4G1AAdh0SBa,aaah0001,1JekRMGQ8iN4G1AAdh0SBa,1JekRMGQ8iN4G1AAdh0SBa,Enjoy the Silence,Depeche Mode,high,identity only: https://stgroupprdhitster.blob.core.windows.net/hitster-assets/gameset_database.json sku=aaaa0005 card=00104; ordered title reference: https://open.spotify.com/track/1JekRMGQ8iN4G1AAdh0SBa; printed-year evidence: not available,1990,1985,musicbrainz_candidate_differs
105,00105,https://hitstergame.com/uk/aaaa0005/00105,https://hitstergame.com/au/aaah0001/00105,1955,,unresolved,no,unresolved_missing_physical_card_back_year,aaaa0005,4ZfQwNx3FlCN07cnUvekh3,aaah0001,4ZfQwNx3FlCN07cnUvekh3,4ZfQwNx3FlCN07cnUvekh3,Ain't That A Shame,Fats Domino,high,identity only: https://stgroupprdhitster.blob.core.windows.net/hitster-assets/gameset_database.json sku=aaaa0005 card=00105; ordered title reference: https://open.spotify.com/track/4ZfQwNx3FlCN07cnUvekh3; printed-year evidence: not available,1959,1965,community_bopster_year_differs;musicbrainz_candidate_differs
106,00106,https://hitstergame.com/uk/aaaa0005/00106,https://hitstergame.com/au/aaah0001/00106,1979,,unresolved,no,unresolved_missing_physical_card_back_year,aaaa0005,5IMtdHjJ1OtkxbGe4zfUxQ,aaah0001,5IMtdHjJ1OtkxbGe4zfUxQ,5IMtdHjJ1OtkxbGe4zfUxQ,Escape (The Pina Colada Song),Rupert Holmes,high,identity only: https://stgroupprdhitster.blob.core.windows.net/hitster-assets/gameset_database.json sku=aaaa0005 card=00106; ordered title reference: https://open.spotify.com/track/5IMtdHjJ1OtkxbGe4zfUxQ; printed-year evidence: not available,1979,1979,none
107,00107,https://hitstergame.com/uk/aaaa0005/00107,https://hitstergame.com/au/aaah0001/00107,1996,,unresolved,no,unresolved_missing_physical_card_back_year,aaaa0005,3h5zik31hTTat9jmpCZZNC,aaah0001,3h5zik31hTTat9jmpCZZNC,3h5zik31hTTat9jmpCZZNC,1979,The Smashing Pumpkins,high,identity only: https://stgroupprdhitster.blob.core.windows.net/hitster-assets/gameset_database.json sku=aaaa0005 card=00107; ordered title reference: https://open.spotify.com/track/3h5zik31hTTat9jmpCZZNC; printed-year evidence: not available,2001,1996,community_bopster_year_differs
108,00108,https://hitstergame.com/uk/aaaa0005/00108,https://hitstergame.com/au/aaah0001/00108,1976,,unresolved,no,unresolved_missing_physical_card_back_year,aaaa0005,29YcYtqUNLWaYvGVGdYtZy,aaah0001,29YcYtqUNLWaYvGVGdYtZy,29YcYtqUNLWaYvGVGdYtZy,Devil Woman - 2001 Remaster,Cliff Richard,high,identity only: https://stgroupprdhitster.blob.core.windows.net/hitster-assets/gameset_database.json sku=aaaa0005 card=00108; ordered title reference: https://open.spotify.com/track/29YcYtqUNLWaYvGVGdYtZy; printed-year evidence: not available,1976,1976,none
109,00109,https://hitstergame.com/uk/aaaa0005/00109,https://hitstergame.com/au/aaah0001/00109,1986,,unresolved,no,unresolved_missing_physical_card_back_year,aaaa0005,2A6yzRGMgSQCUapR2ptm6A,aaah0001,2A6yzRGMgSQCUapR2ptm6A,2A6yzRGMgSQCUapR2ptm6A,True Colors,Cyndi Lauper,high,identity only: https://stgroupprdhitster.blob.core.windows.net/hitster-assets/gameset_database.json sku=aaaa0005 card=00109; ordered title reference: https://open.spotify.com/track/2A6yzRGMgSQCUapR2ptm6A; printed-year evidence: not available,1986,1986,none
110,00110,https://hitstergame.com/uk/aaaa0005/00110,https://hitstergame.com/au/aaah0001/00110,1957,,unresolved,no,unresolved_missing_physical_card_back_year,aaaa0005,6oRHRkQigTzJ3KwpO3XOV6,aaah0001,6oRHRkQigTzJ3KwpO3XOV6,6oRHRkQigTzJ3KwpO3XOV6,Bye Bye Love,The Everly Brothers,high,identity only: https://stgroupprdhitster.blob.core.windows.net/hitster-assets/gameset_database.json sku=aaaa0005 card=00110; ordered title reference: https://open.spotify.com/track/6oRHRkQigTzJ3KwpO3XOV6; printed-year evidence: not available,1964,1976,community_bopster_year_differs;musicbrainz_candidate_differs
111,00111,https://hitstergame.com/uk/aaaa0005/00111,https://hitstergame.com/au/aaah0001/00111,1965,,unresolved,no,unresolved_missing_physical_card_back_year,aaaa0005,4j2W1eM03mz5MVN5LvR7VH,aaah0001,4j2W1eM03mz5MVN5LvR7VH,4j2W1eM03mz5MVN5LvR7VH,These Boots Are Made for Walkin',Nancy Sinatra,high,identity only: https://stgroupprdhitster.blob.core.windows.net/hitster-assets/gameset_database.json sku=aaaa0005 card=00111; ordered title reference: https://open.spotify.com/track/4j2W1eM03mz5MVN5LvR7VH; printed-year evidence: not available,1987,1966,community_bopster_year_differs;musicbrainz_candidate_differs
112,00112,https://hitstergame.com/uk/aaaa0005/00112,https://hitstergame.com/au/aaah0001/00112,2021,,unresolved,no,unresolved_missing_physical_card_back_year,aaaa0005,27NovPIUIRrOZoCHxABJwK,aaah0001,27NovPIUIRrOZoCHxABJwK,27NovPIUIRrOZoCHxABJwK,INDUSTRY BABY (feat. Jack Harlow),Lil Nas X,high,identity only: https://stgroupprdhitster.blob.core.windows.net/hitster-assets/gameset_database.json sku=aaaa0005 card=00112; ordered title reference: https://open.spotify.com/track/27NovPIUIRrOZoCHxABJwK; printed-year evidence: not available,2021,2021,none
113,00113,https://hitstergame.com/uk/aaaa0005/00113,https://hitstergame.com/au/aaah0001/00113,2016,,unresolved,no,unresolved_missing_physical_card_back_year,aaaa0005,6eT7xZZlB2mwyzJ2sUKG6w,aaah0001,6eT7xZZlB2mwyzJ2sUKG6w,6eT7xZZlB2mwyzJ2sUKG6w,White Iverson,Post Malone,high,identity only: https://stgroupprdhitster.blob.core.windows.net/hitster-assets/gameset_database.json sku=aaaa0005 card=00113; ordered title reference: https://open.spotify.com/track/6eT7xZZlB2mwyzJ2sUKG6w; printed-year evidence: not available,2016,2015,musicbrainz_candidate_differs
114,00114,https://hitstergame.com/uk/aaaa0005/00114,https://hitstergame.com/au/aaah0001/00114,1957,,unresolved,no,unresolved_missing_physical_card_back_year,aaaa0005,4gphxUgq0JSFv2BCLhNDiE,aaah0001,4gphxUgq0JSFv2BCLhNDiE,4gphxUgq0JSFv2BCLhNDiE,Jailhouse Rock,Elvis Presley,high,identity only: https://stgroupprdhitster.blob.core.windows.net/hitster-assets/gameset_database.json sku=aaaa0005 card=00114; ordered title reference: https://open.spotify.com/track/4gphxUgq0JSFv2BCLhNDiE; printed-year evidence: not available,1958,1957,community_bopster_year_differs
115,00115,https://hitstergame.com/uk/aaaa0005/00115,https://hitstergame.com/au/aaah0001/00115,2019,,unresolved,no,unresolved_missing_physical_card_back_year,aaaa0005,0VjIjW4GlUZAMYd2vXMi3b,aaah0001,0VjIjW4GlUZAMYd2vXMi3b,0VjIjW4GlUZAMYd2vXMi3b,Blinding Lights,The Weeknd,high,identity only: https://stgroupprdhitster.blob.core.windows.net/hitster-assets/gameset_database.json sku=aaaa0005 card=00115; ordered title reference: https://open.spotify.com/track/0VjIjW4GlUZAMYd2vXMi3b; printed-year evidence: not available,2020,2019,community_bopster_year_differs
116,00116,https://hitstergame.com/uk/aaaa0005/00116,https://hitstergame.com/au/aaah0001/00116,1959,,unresolved,no,unresolved_missing_physical_card_back_year,aaaa0005,1KLpjQFgubHI3GkAICCNH3,aaah0001,1KLpjQFgubHI3GkAICCNH3,1KLpjQFgubHI3GkAICCNH3,Dream Lover,Bobby Darin,high,identity only: https://stgroupprdhitster.blob.core.windows.net/hitster-assets/gameset_database.json sku=aaaa0005 card=00116; ordered title reference: https://open.spotify.com/track/1KLpjQFgubHI3GkAICCNH3; printed-year evidence: not available,2004,1959,community_bopster_year_differs
117,00117,https://hitstergame.com/uk/aaaa0005/00117,https://hitstergame.com/au/aaah0001/00117,2004,,unresolved,no,unresolved_missing_physical_card_back_year,aaaa0005,312A8WfROSLvZbMDHBUPDp,aaah0001,312A8WfROSLvZbMDHBUPDp,312A8WfROSLvZbMDHBUPDp,Fit but You Know It,The Streets,high,identity only: https://stgroupprdhitster.blob.core.windows.net/hitster-assets/gameset_database.json sku=aaaa0005 card=00117; ordered title reference: https://open.spotify.com/track/312A8WfROSLvZbMDHBUPDp; printed-year evidence: not available,2004,2004,none
118,00118,https://hitstergame.com/uk/aaaa0005/00118,https://hitstergame.com/au/aaah0001/00118,2008,,unresolved,no,unresolved_missing_physical_card_back_year,aaaa0005,1zusIxNqJu8i4g6P6hJ2Qa,aaah0001,1zusIxNqJu8i4g6P6hJ2Qa,1zusIxNqJu8i4g6P6hJ2Qa,Mercy,Duffy,high,identity only: https://stgroupprdhitster.blob.core.windows.net/hitster-assets/gameset_database.json sku=aaaa0005 card=00118; ordered title reference: https://open.spotify.com/track/1zusIxNqJu8i4g6P6hJ2Qa; printed-year evidence: not available,2008,2007,musicbrainz_candidate_differs
119,00119,https://hitstergame.com/uk/aaaa0005/00119,https://hitstergame.com/au/aaah0001/00119,1969,,unresolved,no,unresolved_missing_physical_card_back_year,aaaa0005,3iSws76HjaU7k49EqJVTfF,aaah0001,3iSws76HjaU7k49EqJVTfF,3iSws76HjaU7k49EqJVTfF,"Sugar, Sugar",The Archies,high,identity only: https://stgroupprdhitster.blob.core.windows.net/hitster-assets/gameset_database.json sku=aaaa0005 card=00119; ordered title reference: https://open.spotify.com/track/3iSws76HjaU7k49EqJVTfF; printed-year evidence: not available,2007,1969,community_bopster_year_differs
120,00120,https://hitstergame.com/uk/aaaa0005/00120,https://hitstergame.com/au/aaah0001/00120,1965,,unresolved,no,unresolved_missing_physical_card_back_year,aaaa0005,2PzU4IB8Dr6mxV3lHuaG34,aaah0001,2PzU4IB8Dr6mxV3lHuaG34,2PzU4IB8Dr6mxV3lHuaG34,(I Can't Get No) Satisfaction - Mono,The Rolling Stones,high,identity only: https://stgroupprdhitster.blob.core.windows.net/hitster-assets/gameset_database.json sku=aaaa0005 card=00120; ordered title reference: https://open.spotify.com/track/2PzU4IB8Dr6mxV3lHuaG34; printed-year evidence: not available,1965,1966,musicbrainz_candidate_differs
121,00121,https://hitstergame.com/uk/aaaa0005/00121,https://hitstergame.com/au/aaah0001/00121,2014,,unresolved,no,unresolved_missing_physical_card_back_year,aaaa0005,68Dni7IE4VyPkTOH9mRWHr,aaah0001,68Dni7IE4VyPkTOH9mRWHr,68Dni7IE4VyPkTOH9mRWHr,No Role Modelz,J. Cole,high,identity only: https://stgroupprdhitster.blob.core.windows.net/hitster-assets/gameset_database.json sku=aaaa0005 card=00121; ordered title reference: https://open.spotify.com/track/68Dni7IE4VyPkTOH9mRWHr; printed-year evidence: not available,2014,2014,none
122,00122,https://hitstergame.com/uk/aaaa0005/00122,https://hitstergame.com/au/aaah0001/00122,2007,,unresolved,no,unresolved_missing_physical_card_back_year,aaaa0005,6kopmMZiyLmw7h66uXcXR7,aaah0001,6kopmMZiyLmw7h66uXcXR7,6kopmMZiyLmw7h66uXcXR7,Valerie (feat. Amy Winehouse) - Version Revisited,Mark Ronson,high,identity only: https://stgroupprdhitster.blob.core.windows.net/hitster-assets/gameset_database.json sku=aaaa0005 card=00122; ordered title reference: https://open.spotify.com/track/6kopmMZiyLmw7h66uXcXR7; printed-year evidence: not available,2007,,musicbrainz_candidate_unresolved
123,00123,https://hitstergame.com/uk/aaaa0005/00123,https://hitstergame.com/au/aaah0001/00123,1970,,unresolved,no,unresolved_missing_physical_card_back_year,aaaa0005,0UAJH0k4k3slcE83a9UGCe,aaah0001,0UAJH0k4k3slcE83a9UGCe,0UAJH0k4k3slcE83a9UGCe,Lola,The Kinks,high,identity only: https://stgroupprdhitster.blob.core.windows.net/hitster-assets/gameset_database.json sku=aaaa0005 card=00123; ordered title reference: https://open.spotify.com/track/0UAJH0k4k3slcE83a9UGCe; printed-year evidence: not available,1970,1970,none
124,00124,https://hitstergame.com/uk/aaaa0005/00124,https://hitstergame.com/au/aaah0001/00124,2010,,unresolved,no,unresolved_missing_physical_card_back_year,aaaa0005,3oUphdZVPyrsprZ8FgbmQS,aaah0001,3oUphdZVPyrsprZ8FgbmQS,3oUphdZVPyrsprZ8FgbmQS,I Need A Dollar,Aloe Blacc,high,identity only: https://stgroupprdhitster.blob.core.windows.net/hitster-assets/gameset_database.json sku=aaaa0005 card=00124; ordered title reference: https://open.spotify.com/track/3oUphdZVPyrsprZ8FgbmQS; printed-year evidence: not available,2010,2010,none
125,00125,https://hitstergame.com/uk/aaaa0005/00125,https://hitstergame.com/au/aaah0001/00125,1960,,unresolved,no,unresolved_missing_physical_card_back_year,aaaa0005,6DSvUZQdqtNfkJI4cAiUsM,aaah0001,6DSvUZQdqtNfkJI4cAiUsM,6DSvUZQdqtNfkJI4cAiUsM,The Twist,Chubby Checker,high,identity only: https://stgroupprdhitster.blob.core.windows.net/hitster-assets/gameset_database.json sku=aaaa0005 card=00125; ordered title reference: https://open.spotify.com/track/6DSvUZQdqtNfkJI4cAiUsM; printed-year evidence: not available,1962,1960,community_bopster_year_differs
126,00126,https://hitstergame.com/uk/aaaa0005/00126,https://hitstergame.com/au/aaah0001/00126,1986,,unresolved,no,unresolved_missing_physical_card_back_year,aaaa0005,56GbZVwxMdf1DENCluYS8A,aaah0001,56GbZVwxMdf1DENCluYS8A,56GbZVwxMdf1DENCluYS8A,Don't Dream It's Over,Crowded House,high,identity only: https://stgroupprdhitster.blob.core.windows.net/hitster-assets/gameset_database.json sku=aaaa0005 card=00126; ordered title reference: https://open.spotify.com/track/56GbZVwxMdf1DENCluYS8A; printed-year evidence: not available,1986,1987,musicbrainz_candidate_differs
127,00127,https://hitstergame.com/uk/aaaa0005/00127,https://hitstergame.com/au/aaah0001/00127,2000,,unresolved,no,unresolved_missing_physical_card_back_year,aaaa0005,2Uy6EhQXAYkXA6MohPgjpV,aaah0001,2Uy6EhQXAYkXA6MohPgjpV,2Uy6EhQXAYkXA6MohPgjpV,One More Time - Radio Edit,Daft Punk,high,identity only: https://stgroupprdhitster.blob.core.windows.net/hitster-assets/gameset_database.json sku=aaaa0005 card=00127; ordered title reference: https://open.spotify.com/track/2Uy6EhQXAYkXA6MohPgjpV; printed-year evidence: not available,2000,2000,none
128,00128,https://hitstergame.com/uk/aaaa0005/00128,https://hitstergame.com/au/aaah0001/00128,1972,,unresolved,no,unresolved_missing_physical_card_back_year,aaaa0005,2DnJjbjNTV9Nd5NOa1KGba,aaah0001,2DnJjbjNTV9Nd5NOa1KGba,2DnJjbjNTV9Nd5NOa1KGba,You're So Vain,Carly Simon,high,identity only: https://stgroupprdhitster.blob.core.windows.net/hitster-assets/gameset_database.json sku=aaaa0005 card=00128; ordered title reference: https://open.spotify.com/track/2DnJjbjNTV9Nd5NOa1KGba; printed-year evidence: not available,1972,1975,musicbrainz_candidate_differs
129,00129,https://hitstergame.com/uk/aaaa0005/00129,https://hitstergame.com/au/aaah0001/00129,2000,,unresolved,no,unresolved_missing_physical_card_back_year,aaaa0005,6naxalmIoLFWR0siv8dnQQ,aaah0001,6naxalmIoLFWR0siv8dnQQ,6naxalmIoLFWR0siv8dnQQ,Oops!...I Did It Again,Britney Spears,high,identity only: https://stgroupprdhitster.blob.core.windows.net/hitster-assets/gameset_database.json sku=aaaa0005 card=00129; ordered title reference: https://open.spotify.com/track/6naxalmIoLFWR0siv8dnQQ; printed-year evidence: not available,2000,2000,none
130,00130,https://hitstergame.com/uk/aaaa0005/00130,https://hitstergame.com/au/aaah0001/00130,1983,,unresolved,no,unresolved_missing_physical_card_back_year,aaaa0005,6hHc7Pks7wtBIW8Z6A0iFq,aaah0001,6hHc7Pks7wtBIW8Z6A0iFq,6hHc7Pks7wtBIW8Z6A0iFq,Blue Monday,New Order,high,identity only: https://stgroupprdhitster.blob.core.windows.net/hitster-assets/gameset_database.json sku=aaaa0005 card=00130; ordered title reference: https://open.spotify.com/track/6hHc7Pks7wtBIW8Z6A0iFq; printed-year evidence: not available,1987,1983,community_bopster_year_differs
131,00131,https://hitstergame.com/uk/aaaa0005/00131,https://hitstergame.com/au/aaah0001/00131,1982,,unresolved,no,unresolved_missing_physical_card_back_year,aaaa0005,66N7JHuGc205BK90l9gSlb,aaah0001,66N7JHuGc205BK90l9gSlb,66N7JHuGc205BK90l9gSlb,House of Fun,Madness,high,identity only: https://stgroupprdhitster.blob.core.windows.net/hitster-assets/gameset_database.json sku=aaaa0005 card=00131; ordered title reference: https://open.spotify.com/track/66N7JHuGc205BK90l9gSlb; printed-year evidence: not available,1982,1982,none
132,00132,https://hitstergame.com/uk/aaaa0005/00132,https://hitstergame.com/au/aaah0001/00132,2004,,unresolved,no,unresolved_missing_physical_card_back_year,aaaa0005,5rb9QrpfcKFHM1EUbSIurX,aaah0001,5rb9QrpfcKFHM1EUbSIurX,5rb9QrpfcKFHM1EUbSIurX,Yeah! (feat. Lil Jon & Ludacris),USHER,high,identity only: https://stgroupprdhitster.blob.core.windows.net/hitster-assets/gameset_database.json sku=aaaa0005 card=00132; ordered title reference: https://open.spotify.com/track/5rb9QrpfcKFHM1EUbSIurX; printed-year evidence: not available,2004,2004,none
133,00133,https://hitstergame.com/uk/aaaa0005/00133,https://hitstergame.com/au/aaah0001/00133,2003,,unresolved,no,unresolved_missing_physical_card_back_year,aaaa0005,2PpruBYCo4H7WOBJ7Q2EwM,aaah0001,2PpruBYCo4H7WOBJ7Q2EwM,2PpruBYCo4H7WOBJ7Q2EwM,Hey Ya!,Outkast,high,identity only: https://stgroupprdhitster.blob.core.windows.net/hitster-assets/gameset_database.json sku=aaaa0005 card=00133; ordered title reference: https://open.spotify.com/track/2PpruBYCo4H7WOBJ7Q2EwM; printed-year evidence: not available,2003,2003,none
134,00134,https://hitstergame.com/uk/aaaa0005/00134,https://hitstergame.com/au/aaah0001/00134,1989,,unresolved,no,unresolved_missing_physical_card_back_year,aaaa0005,2oWMI54r0qT4N8Xb4C76vq,aaah0001,2oWMI54r0qT4N8Xb4C76vq,2oWMI54r0qT4N8Xb4C76vq,The Look,Roxette,high,identity only: https://stgroupprdhitster.blob.core.windows.net/hitster-assets/gameset_database.json sku=aaaa0005 card=00134; ordered title reference: https://open.spotify.com/track/2oWMI54r0qT4N8Xb4C76vq; printed-year evidence: not available,1988,1988,community_bopster_year_differs;musicbrainz_candidate_differs
135,00135,https://hitstergame.com/uk/aaaa0005/00135,https://hitstergame.com/au/aaah0001/00135,1992,,unresolved,no,unresolved_missing_physical_card_back_year,aaaa0005,1SAkL1mYNJlaqnBQxVZrRl,aaah0001,1SAkL1mYNJlaqnBQxVZrRl,1SAkL1mYNJlaqnBQxVZrRl,Baby Got Back,Sir Mix-A-Lot,high,identity only: https://stgroupprdhitster.blob.core.windows.net/hitster-assets/gameset_database.json sku=aaaa0005 card=00135; ordered title reference: https://open.spotify.com/track/1SAkL1mYNJlaqnBQxVZrRl; printed-year evidence: not available,1992,2000,musicbrainz_candidate_differs
136,00136,https://hitstergame.com/uk/aaaa0005/00136,https://hitstergame.com/au/aaah0001/00136,1996,,unresolved,no,unresolved_missing_physical_card_back_year,aaaa0005,6JGQ98So2ik5GVI9ydQ2Yh,aaah0001,6JGQ98So2ik5GVI9ydQ2Yh,6JGQ98So2ik5GVI9ydQ2Yh,Don't Speak,No Doubt,high,identity only: https://stgroupprdhitster.blob.core.windows.net/hitster-assets/gameset_database.json sku=aaaa0005 card=00136; ordered title reference: https://open.spotify.com/track/6JGQ98So2ik5GVI9ydQ2Yh; printed-year evidence: not available,2003,1997,community_bopster_year_differs;musicbrainz_candidate_differs
137,00137,https://hitstergame.com/uk/aaaa0005/00137,https://hitstergame.com/au/aaah0001/00137,1982,,unresolved,no,unresolved_missing_physical_card_back_year,aaaa0005,5JOVSWohrjXW0BFTboh8XO,aaah0001,5JOVSWohrjXW0BFTboh8XO,5JOVSWohrjXW0BFTboh8XO,Don't Go,Yazoo,high,identity only: https://stgroupprdhitster.blob.core.windows.net/hitster-assets/gameset_database.json sku=aaaa0005 card=00137; ordered title reference: https://open.spotify.com/track/5JOVSWohrjXW0BFTboh8XO; printed-year evidence: not available,1982,1982,none
138,00138,https://hitstergame.com/uk/aaaa0005/00138,https://hitstergame.com/au/aaah0001/00138,2022,,unresolved,no,unresolved_missing_physical_card_back_year,aaaa0005,4LRPiXqCikLlN15c3yImP7,aaah0001,4LRPiXqCikLlN15c3yImP7,4LRPiXqCikLlN15c3yImP7,As It Was,Harry Styles,high,identity only: https://stgroupprdhitster.blob.core.windows.net/hitster-assets/gameset_database.json sku=aaaa0005 card=00138; ordered title reference: https://open.spotify.com/track/4LRPiXqCikLlN15c3yImP7; printed-year evidence: not available,2022,2022,none
139,00139,https://hitstergame.com/uk/aaaa0005/00139,https://hitstergame.com/au/aaah0001/00139,1989,,unresolved,no,unresolved_missing_physical_card_back_year,aaaa0005,6pPWRBubXOBAHnjl5ZIujB,aaah0001,6pPWRBubXOBAHnjl5ZIujB,6pPWRBubXOBAHnjl5ZIujB,The Best,Tina Turner,high,identity only: https://stgroupprdhitster.blob.core.windows.net/hitster-assets/gameset_database.json sku=aaaa0005 card=00139; ordered title reference: https://open.spotify.com/track/6pPWRBubXOBAHnjl5ZIujB; printed-year evidence: not available,1989,1989,none
140,00140,https://hitstergame.com/uk/aaaa0005/00140,https://hitstergame.com/au/aaah0001/00140,1984,,unresolved,no,unresolved_missing_physical_card_back_year,aaaa0005,7FwBtcecmlpc1sLySPXeGE,aaah0001,7FwBtcecmlpc1sLySPXeGE,7FwBtcecmlpc1sLySPXeGE,Dancing In the Dark,Bruce Springsteen,high,identity only: https://stgroupprdhitster.blob.core.windows.net/hitster-assets/gameset_database.json sku=aaaa0005 card=00140; ordered title reference: https://open.spotify.com/track/7FwBtcecmlpc1sLySPXeGE; printed-year evidence: not available,1984,1984,none
141,00141,https://hitstergame.com/uk/aaaa0005/00141,https://hitstergame.com/au/aaah0001/00141,1998,,unresolved,no,unresolved_missing_physical_card_back_year,aaaa0005,3Yqk2pdNJUtI7VOtweASV8,aaah0001,3Yqk2pdNJUtI7VOtweASV8,3Yqk2pdNJUtI7VOtweASV8,Tragedy,Steps,high,identity only: https://stgroupprdhitster.blob.core.windows.net/hitster-assets/gameset_database.json sku=aaaa0005 card=00141; ordered title reference: https://open.spotify.com/track/3Yqk2pdNJUtI7VOtweASV8; printed-year evidence: not available,1999,1998,community_bopster_year_differs
142,00142,https://hitstergame.com/uk/aaaa0005/00142,https://hitstergame.com/au/aaah0001/00142,2000,,unresolved,no,unresolved_missing_physical_card_back_year,aaaa0005,3WkibOpDF7cQ5xntM1epyf,aaah0001,3WkibOpDF7cQ5xntM1epyf,3WkibOpDF7cQ5xntM1epyf,It Wasn't Me,Shaggy,high,identity only: https://stgroupprdhitster.blob.core.windows.net/hitster-assets/gameset_database.json sku=aaaa0005 card=00142; ordered title reference: https://open.spotify.com/track/3WkibOpDF7cQ5xntM1epyf; printed-year evidence: not available,2000,2000,none
143,00143,https://hitstergame.com/uk/aaaa0005/00143,https://hitstergame.com/au/aaah0001/00143,1999,,unresolved,no,unresolved_missing_physical_card_back_year,aaaa0005,47BBI51FKFwOMlIiX6m8ya,aaah0001,47BBI51FKFwOMlIiX6m8ya,47BBI51FKFwOMlIiX6m8ya,I Want It That Way,Backstreet Boys,high,identity only: https://stgroupprdhitster.blob.core.windows.net/hitster-assets/gameset_database.json sku=aaaa0005 card=00143; ordered title reference: https://open.spotify.com/track/47BBI51FKFwOMlIiX6m8ya; printed-year evidence: not available,1999,1999,none
144,00144,https://hitstergame.com/uk/aaaa0005/00144,https://hitstergame.com/au/aaah0001/00144,1951,,unresolved,no,unresolved_missing_physical_card_back_year,aaaa0005,0deAIqyKFFw55JDMGWTcdA,aaah0001,0deAIqyKFFw55JDMGWTcdA,0deAIqyKFFw55JDMGWTcdA,"Hey, Good Lookin'",Hank Williams,high,identity only: https://stgroupprdhitster.blob.core.windows.net/hitster-assets/gameset_database.json sku=aaaa0005 card=00144; ordered title reference: https://open.spotify.com/track/0deAIqyKFFw55JDMGWTcdA; printed-year evidence: not available,1953,1964,community_bopster_year_differs;musicbrainz_candidate_differs
145,00145,https://hitstergame.com/uk/aaaa0005/00145,https://hitstergame.com/au/aaah0001/00145,1999,,unresolved,no,unresolved_missing_physical_card_back_year,aaaa0005,1hEh8Hc9lBAFWUghHBsCel,aaah0001,1hEh8Hc9lBAFWUghHBsCel,1hEh8Hc9lBAFWUghHBsCel,Porcelain,Moby,high,identity only: https://stgroupprdhitster.blob.core.windows.net/hitster-assets/gameset_database.json sku=aaaa0005 card=00145; ordered title reference: https://open.spotify.com/track/1hEh8Hc9lBAFWUghHBsCel; printed-year evidence: not available,1999,1999,none
146,00146,https://hitstergame.com/uk/aaaa0005/00146,https://hitstergame.com/au/aaah0001/00146,1963,,unresolved,no,unresolved_missing_physical_card_back_year,aaaa0005,6YffUZJ2R06kyxyK6onezL,aaah0001,6YffUZJ2R06kyxyK6onezL,6YffUZJ2R06kyxyK6onezL,Ring of Fire,Johnny Cash,high,identity only: https://stgroupprdhitster.blob.core.windows.net/hitster-assets/gameset_database.json sku=aaaa0005 card=00146; ordered title reference: https://open.spotify.com/track/6YffUZJ2R06kyxyK6onezL; printed-year evidence: not available,1963,1963,none
147,00147,https://hitstergame.com/uk/aaaa0005/00147,https://hitstergame.com/au/aaah0001/00147,1958,,unresolved,no,unresolved_missing_physical_card_back_year,aaaa0005,2QfiRTz5Yc8DdShCxG1tB2,aaah0001,2QfiRTz5Yc8DdShCxG1tB2,2QfiRTz5Yc8DdShCxG1tB2,Johnny B. Goode,Chuck Berry,high,identity only: https://stgroupprdhitster.blob.core.windows.net/hitster-assets/gameset_database.json sku=aaaa0005 card=00147; ordered title reference: https://open.spotify.com/track/2QfiRTz5Yc8DdShCxG1tB2; printed-year evidence: not available,1959,1966,community_bopster_year_differs;musicbrainz_candidate_differs
148,00148,https://hitstergame.com/uk/aaaa0005/00148,https://hitstergame.com/au/aaah0001/00148,2021,,unresolved,no,unresolved_missing_physical_card_back_year,aaaa0005,6VVqPBFZIbcmv14zNfOc13,aaah0001,6VVqPBFZIbcmv14zNfOc13,6VVqPBFZIbcmv14zNfOc13,She Likes It (feat. Jake Scott),Russell Dickerson,high,identity only: https://stgroupprdhitster.blob.core.windows.net/hitster-assets/gameset_database.json sku=aaaa0005 card=00148; ordered title reference: https://open.spotify.com/track/6VVqPBFZIbcmv14zNfOc13; printed-year evidence: not available,2021,,musicbrainz_candidate_unresolved
149,00149,https://hitstergame.com/uk/aaaa0005/00149,https://hitstergame.com/au/aaah0001/00149,2022,,unresolved,no,unresolved_missing_physical_card_back_year,aaaa0005,5CM4UuQ9Gnd6K2YyKGPMoK,aaah0001,5CM4UuQ9Gnd6K2YyKGPMoK,5CM4UuQ9Gnd6K2YyKGPMoK,Bad Habit,Steve Lacy,high,identity only: https://stgroupprdhitster.blob.core.windows.net/hitster-assets/gameset_database.json sku=aaaa0005 card=00149; ordered title reference: https://open.spotify.com/track/5CM4UuQ9Gnd6K2YyKGPMoK; printed-year evidence: not available,2022,2022,none
150,00150,https://hitstergame.com/uk/aaaa0005/00150,https://hitstergame.com/au/aaah0001/00150,2012,,unresolved,no,unresolved_missing_physical_card_back_year,aaaa0005,2U8NXPTXZWG2O0ye2sYRiH,aaah0001,2U8NXPTXZWG2O0ye2sYRiH,2U8NXPTXZWG2O0ye2sYRiH,I Love It (feat. Charli XCX),Icona Pop,high,identity only: https://stgroupprdhitster.blob.core.windows.net/hitster-assets/gameset_database.json sku=aaaa0005 card=00150; ordered title reference: https://open.spotify.com/track/2U8NXPTXZWG2O0ye2sYRiH; printed-year evidence: not available,2013,2012,community_bopster_year_differs
151,00151,https://hitstergame.com/uk/aaaa0005/00151,https://hitstergame.com/au/aaah0001/00151,2016,,unresolved,no,unresolved_missing_physical_card_back_year,aaaa0005,7BKLCZ1jbUBVqRi2FVlTVw,aaah0001,7BKLCZ1jbUBVqRi2FVlTVw,7BKLCZ1jbUBVqRi2FVlTVw,Closer,The Chainsmokers,high,identity only: https://stgroupprdhitster.blob.core.windows.net/hitster-assets/gameset_database.json sku=aaaa0005 card=00151; ordered title reference: https://open.spotify.com/track/7BKLCZ1jbUBVqRi2FVlTVw; printed-year evidence: not available,2016,2005,musicbrainz_candidate_differs
152,00152,https://hitstergame.com/uk/aaaa0005/00152,https://hitstergame.com/au/aaah0001/00152,2000,,unresolved,no,unresolved_missing_physical_card_back_year,aaaa0005,0gPQTLaqHDgdupKEok7J2x,aaah0001,0gPQTLaqHDgdupKEok7J2x,0gPQTLaqHDgdupKEok7J2x,7 Days,Craig David,high,identity only: https://stgroupprdhitster.blob.core.windows.net/hitster-assets/gameset_database.json sku=aaaa0005 card=00152; ordered title reference: https://open.spotify.com/track/0gPQTLaqHDgdupKEok7J2x; printed-year evidence: not available,2000,2000,none
153,00153,https://hitstergame.com/uk/aaaa0005/00153,https://hitstergame.com/au/aaah0001/00153,2001,,unresolved,no,unresolved_missing_physical_card_back_year,aaaa0005,0gmbgwZ8iqyMPmXefof8Yf,aaah0001,0gmbgwZ8iqyMPmXefof8Yf,0gmbgwZ8iqyMPmXefof8Yf,How You Remind Me,Nickelback,high,identity only: https://stgroupprdhitster.blob.core.windows.net/hitster-assets/gameset_database.json sku=aaaa0005 card=00153; ordered title reference: https://open.spotify.com/track/0gmbgwZ8iqyMPmXefof8Yf; printed-year evidence: not available,2001,2000,musicbrainz_candidate_differs
154,00154,https://hitstergame.com/uk/aaaa0005/00154,https://hitstergame.com/au/aaah0001/00154,1977,,unresolved,no,unresolved_missing_physical_card_back_year,aaaa0005,6XUHsYE38CEbYunT983O9G,aaah0001,6XUHsYE38CEbYunT983O9G,6XUHsYE38CEbYunT983O9G,Give A Little Bit,Supertramp,high,identity only: https://stgroupprdhitster.blob.core.windows.net/hitster-assets/gameset_database.json sku=aaaa0005 card=00154; ordered title reference: https://open.spotify.com/track/6XUHsYE38CEbYunT983O9G; printed-year evidence: not available,1977,1977,none
155,00155,https://hitstergame.com/uk/aaaa0005/00155,https://hitstergame.com/au/aaah0001/00155,1976,,unresolved,no,unresolved_missing_physical_card_back_year,aaaa0005,40riOy7x9W7GXjyGp4pjAv,aaah0001,40riOy7x9W7GXjyGp4pjAv,40riOy7x9W7GXjyGp4pjAv,Hotel California - 2013 Remaster,Eagles,high,identity only: https://stgroupprdhitster.blob.core.windows.net/hitster-assets/gameset_database.json sku=aaaa0005 card=00155; ordered title reference: https://open.spotify.com/track/40riOy7x9W7GXjyGp4pjAv; printed-year evidence: not available,1976,1976,none
156,00156,https://hitstergame.com/uk/aaaa0005/00156,https://hitstergame.com/au/aaah0001/00156,2019,,unresolved,no,unresolved_missing_physical_card_back_year,aaaa0005,0TK2YIli7K1leLovkQiNik,aaah0001,0TK2YIli7K1leLovkQiNik,0TK2YIli7K1leLovkQiNik,Señorita,Shawn Mendes,high,identity only: https://stgroupprdhitster.blob.core.windows.net/hitster-assets/gameset_database.json sku=aaaa0005 card=00156; ordered title reference: https://open.spotify.com/track/0TK2YIli7K1leLovkQiNik; printed-year evidence: not available,2019,,musicbrainz_candidate_unresolved
157,00157,https://hitstergame.com/uk/aaaa0005/00157,https://hitstergame.com/au/aaah0001/00157,1997,,unresolved,no,unresolved_missing_physical_card_back_year,aaaa0005,0SLtqCrXBRrnkxSOMA3X4W,aaah0001,0SLtqCrXBRrnkxSOMA3X4W,0SLtqCrXBRrnkxSOMA3X4W,Let Me Entertain You,Robbie Williams,high,identity only: https://stgroupprdhitster.blob.core.windows.net/hitster-assets/gameset_database.json sku=aaaa0005 card=00157; ordered title reference: https://open.spotify.com/track/0SLtqCrXBRrnkxSOMA3X4W; printed-year evidence: not available,1997,1997,none
158,00158,https://hitstergame.com/uk/aaaa0005/00158,https://hitstergame.com/au/aaah0001/00158,1987,,unresolved,no,unresolved_missing_physical_card_back_year,aaaa0005,5eU8qMd0TpaLqTGDZJaLDs,aaah0001,5eU8qMd0TpaLqTGDZJaLDs,5eU8qMd0TpaLqTGDZJaLDs,Need You Tonight,INXS,high,identity only: https://stgroupprdhitster.blob.core.windows.net/hitster-assets/gameset_database.json sku=aaaa0005 card=00158; ordered title reference: https://open.spotify.com/track/5eU8qMd0TpaLqTGDZJaLDs; printed-year evidence: not available,1987,1987,none
159,00159,https://hitstergame.com/uk/aaaa0005/00159,https://hitstergame.com/au/aaah0001/00159,1973,,unresolved,no,unresolved_missing_physical_card_back_year,aaaa0005,1agVrzicFWExgEiAtk8lmr,aaah0001,1agVrzicFWExgEiAtk8lmr,1agVrzicFWExgEiAtk8lmr,Cum on Feel the Noize,Slade,high,identity only: https://stgroupprdhitster.blob.core.windows.net/hitster-assets/gameset_database.json sku=aaaa0005 card=00159; ordered title reference: https://open.spotify.com/track/1agVrzicFWExgEiAtk8lmr; printed-year evidence: not available,1973,1973,none
160,00160,https://hitstergame.com/uk/aaaa0005/00160,https://hitstergame.com/au/aaah0001/00160,1971,,unresolved,no,unresolved_missing_physical_card_back_year,aaaa0005,1YYhDizHx7PnDhAhko6cDS,aaah0001,1YYhDizHx7PnDhAhko6cDS,1YYhDizHx7PnDhAhko6cDS,"Take Me Home, Country Roads - Original Version",John Denver,high,identity only: https://stgroupprdhitster.blob.core.windows.net/hitster-assets/gameset_database.json sku=aaaa0005 card=00160; ordered title reference: https://open.spotify.com/track/1YYhDizHx7PnDhAhko6cDS; printed-year evidence: not available,1971,1971,none
161,00161,https://hitstergame.com/uk/aaaa0005/00161,https://hitstergame.com/au/aaah0001/00161,1974,,unresolved,no,unresolved_missing_physical_card_back_year,aaaa0005,7e89621JPkKaeDSTQ3avtg,aaah0001,7e89621JPkKaeDSTQ3avtg,7e89621JPkKaeDSTQ3avtg,Sweet Home Alabama,Lynyrd Skynyrd,high,identity only: https://stgroupprdhitster.blob.core.windows.net/hitster-assets/gameset_database.json sku=aaaa0005 card=00161; ordered title reference: https://open.spotify.com/track/7e89621JPkKaeDSTQ3avtg; printed-year evidence: not available,1974,1974,none
162,00162,https://hitstergame.com/uk/aaaa0005/00162,https://hitstergame.com/au/aaah0001/00162,1978,,unresolved,no,unresolved_missing_physical_card_back_year,aaaa0005,0RnCUYXa7jhgTXtiMXF2PQ,aaah0001,0RnCUYXa7jhgTXtiMXF2PQ,0RnCUYXa7jhgTXtiMXF2PQ,You Make Me Feel (Mighty Real),Sylvester,high,identity only: https://stgroupprdhitster.blob.core.windows.net/hitster-assets/gameset_database.json sku=aaaa0005 card=00162; ordered title reference: https://open.spotify.com/track/0RnCUYXa7jhgTXtiMXF2PQ; printed-year evidence: not available,1978,1978,none
163,00163,https://hitstergame.com/uk/aaaa0005/00163,https://hitstergame.com/au/aaah0001/00163,1985,,unresolved,no,unresolved_missing_physical_card_back_year,aaaa0005,15mZo1Kah03g8CTLbSsWrr,aaah0001,15mZo1Kah03g8CTLbSsWrr,15mZo1Kah03g8CTLbSsWrr,The Whole of the Moon - 2004 Remaster,The Waterboys,high,identity only: https://stgroupprdhitster.blob.core.windows.net/hitster-assets/gameset_database.json sku=aaaa0005 card=00163; ordered title reference: https://open.spotify.com/track/15mZo1Kah03g8CTLbSsWrr; printed-year evidence: not available,1985,1985,none
164,00164,https://hitstergame.com/uk/aaaa0005/00164,https://hitstergame.com/au/aaah0001/00164,1982,,unresolved,no,unresolved_missing_physical_card_back_year,aaaa0005,4mVW9vi2QnLzlbK5SoacK6,aaah0001,4mVW9vi2QnLzlbK5SoacK6,4mVW9vi2QnLzlbK5SoacK6,Little Red Corvette - 2019 Remaster,Prince,high,identity only: https://stgroupprdhitster.blob.core.windows.net/hitster-assets/gameset_database.json sku=aaaa0005 card=00164; ordered title reference: https://open.spotify.com/track/4mVW9vi2QnLzlbK5SoacK6; printed-year evidence: not available,1982,1982,none
165,00165,https://hitstergame.com/uk/aaaa0005/00165,https://hitstergame.com/au/aaah0001/00165,1985,,unresolved,no,unresolved_missing_physical_card_back_year,aaaa0005,798fUF6UnRn27xiVuKyJCi,aaah0001,798fUF6UnRn27xiVuKyJCi,798fUF6UnRn27xiVuKyJCi,Manic Monday,The Bangles,high,identity only: https://stgroupprdhitster.blob.core.windows.net/hitster-assets/gameset_database.json sku=aaaa0005 card=00165; ordered title reference: https://open.spotify.com/track/798fUF6UnRn27xiVuKyJCi; printed-year evidence: not available,1985,1985,none
166,00166,https://hitstergame.com/uk/aaaa0005/00166,https://hitstergame.com/au/aaah0001/00166,1967,,unresolved,no,unresolved_missing_physical_card_back_year,aaaa0005,3dG2yVfodNOla0eiHUnYRx,aaah0001,1BmVQ5RGqqtF5cnsv6cQYu,1BmVQ5RGqqtF5cnsv6cQYu,"Girl, You'll Be A Woman Soon",Neil Diamond,high,identity only: https://stgroupprdhitster.blob.core.windows.net/hitster-assets/gameset_database.json sku=aaaa0005 card=00166; ordered title reference: https://open.spotify.com/track/1BmVQ5RGqqtF5cnsv6cQYu; printed-year evidence: not available,1968,1967,community_bopster_year_differs;official_live_spotify_relink;uk_au_equivalent_spotify_ids_differ
167,00167,https://hitstergame.com/uk/aaaa0005/00167,https://hitstergame.com/au/aaah0001/00167,2008,,unresolved,no,unresolved_missing_physical_card_back_year,aaaa0005,22UDw8rSfLbUsaAGTXQ4Z8,aaah0001,22UDw8rSfLbUsaAGTXQ4Z8,22UDw8rSfLbUsaAGTXQ4Z8,American Boy,Estelle,high,identity only: https://stgroupprdhitster.blob.core.windows.net/hitster-assets/gameset_database.json sku=aaaa0005 card=00167; ordered title reference: https://open.spotify.com/track/22UDw8rSfLbUsaAGTXQ4Z8; printed-year evidence: not available,2008,2008,none
168,00168,https://hitstergame.com/uk/aaaa0005/00168,https://hitstergame.com/au/aaah0001/00168,1989,,unresolved,no,unresolved_missing_physical_card_back_year,aaaa0005,3fKDSSIgOngs8YYzFJO6eD,aaah0001,3fKDSSIgOngs8YYzFJO6eD,3fKDSSIgOngs8YYzFJO6eD,Belfast Child - Remastered 2002,Simple Minds,high,identity only: https://stgroupprdhitster.blob.core.windows.net/hitster-assets/gameset_database.json sku=aaaa0005 card=00168; ordered title reference: https://open.spotify.com/track/3fKDSSIgOngs8YYzFJO6eD; printed-year evidence: not available,1989,1989,none
169,00169,https://hitstergame.com/uk/aaaa0005/00169,https://hitstergame.com/au/aaah0001/00169,1995,,unresolved,no,unresolved_missing_physical_card_back_year,aaaa0005,6qspW4YKycviDFjHBOaqUY,aaah0001,6qspW4YKycviDFjHBOaqUY,6qspW4YKycviDFjHBOaqUY,Waterfalls,TLC,high,identity only: https://stgroupprdhitster.blob.core.windows.net/hitster-assets/gameset_database.json sku=aaaa0005 card=00169; ordered title reference: https://open.spotify.com/track/6qspW4YKycviDFjHBOaqUY; printed-year evidence: not available,1994,1995,community_bopster_year_differs
170,00170,https://hitstergame.com/uk/aaaa0005/00170,https://hitstergame.com/au/aaah0001/00170,2011,,unresolved,no,unresolved_missing_physical_card_back_year,aaaa0005,62oaDoBveZxvZb94ziiMXi,aaah0001,62oaDoBveZxvZb94ziiMXi,62oaDoBveZxvZb94ziiMXi,Somebody That I Used to Know,Gotye,high,identity only: https://stgroupprdhitster.blob.core.windows.net/hitster-assets/gameset_database.json sku=aaaa0005 card=00170; ordered title reference: https://open.spotify.com/track/62oaDoBveZxvZb94ziiMXi; printed-year evidence: not available,2011,2012,musicbrainz_candidate_differs
171,00171,https://hitstergame.com/uk/aaaa0005/00171,https://hitstergame.com/au/aaah0001/00171,2008,,unresolved,no,unresolved_missing_physical_card_back_year,aaaa0005,5R8dQOPq8haW94K7mgERlO,aaah0001,5R8dQOPq8haW94K7mgERlO,5R8dQOPq8haW94K7mgERlO,Poker Face,Lady Gaga,high,identity only: https://stgroupprdhitster.blob.core.windows.net/hitster-assets/gameset_database.json sku=aaaa0005 card=00171; ordered title reference: https://open.spotify.com/track/5R8dQOPq8haW94K7mgERlO; printed-year evidence: not available,2008,2008,none
172,00172,https://hitstergame.com/uk/aaaa0005/00172,https://hitstergame.com/au/aaah0001/00172,1988,,unresolved,no,unresolved_missing_physical_card_back_year,aaaa0005,41CMr8zZ7cMcjL0U4En6gZ,aaah0001,41CMr8zZ7cMcjL0U4En6gZ,41CMr8zZ7cMcjL0U4En6gZ,Girl You Know It's True,Milli Vanilli,high,identity only: https://stgroupprdhitster.blob.core.windows.net/hitster-assets/gameset_database.json sku=aaaa0005 card=00172; ordered title reference: https://open.spotify.com/track/41CMr8zZ7cMcjL0U4En6gZ; printed-year evidence: not available,2010,1988,community_bopster_year_differs
173,00173,https://hitstergame.com/uk/aaaa0005/00173,https://hitstergame.com/au/aaah0001/00173,1976,,unresolved,no,unresolved_missing_physical_card_back_year,aaaa0005,5jUA1njy3h6ynHLvPdEVHt,aaah0001,5jUA1njy3h6ynHLvPdEVHt,5jUA1njy3h6ynHLvPdEVHt,Disco Inferno,The Trammps,high,identity only: https://stgroupprdhitster.blob.core.windows.net/hitster-assets/gameset_database.json sku=aaaa0005 card=00173; ordered title reference: https://open.spotify.com/track/5jUA1njy3h6ynHLvPdEVHt; printed-year evidence: not available,1976,1976,none
174,00174,https://hitstergame.com/uk/aaaa0005/00174,https://hitstergame.com/au/aaah0001/00174,2009,,unresolved,no,unresolved_missing_physical_card_back_year,aaaa0005,4iMdiQO0YJwEkWf8eI2wff,aaah0001,4iMdiQO0YJwEkWf8eI2wff,4iMdiQO0YJwEkWf8eI2wff,Haven't Met You Yet,Michael Bublé,high,identity only: https://stgroupprdhitster.blob.core.windows.net/hitster-assets/gameset_database.json sku=aaaa0005 card=00174; ordered title reference: https://open.spotify.com/track/4iMdiQO0YJwEkWf8eI2wff; printed-year evidence: not available,2009,2009,none
175,00175,https://hitstergame.com/uk/aaaa0005/00175,https://hitstergame.com/au/aaah0001/00175,1975,,unresolved,no,unresolved_missing_physical_card_back_year,aaaa0005,3jAG0kb7gg0vGeFFZj6bBt,aaah0001,714hERk9U1W8FMYkoC83CO,3jAG0kb7gg0vGeFFZj6bBt,You Sexy Thing - Single Version,Hot Chocolate,high,identity only: https://stgroupprdhitster.blob.core.windows.net/hitster-assets/gameset_database.json sku=aaaa0005 card=00175; ordered title reference: https://open.spotify.com/track/3jAG0kb7gg0vGeFFZj6bBt; printed-year evidence: not available,2007,1975,community_bopster_year_differs;uk_au_equivalent_spotify_ids_differ
176,00176,https://hitstergame.com/uk/aaaa0005/00176,https://hitstergame.com/au/aaah0001/00176,1974,,unresolved,no,unresolved_missing_physical_card_back_year,aaaa0005,3PQLYVskjUeRmRIfECsL0X,aaah0001,3PQLYVskjUeRmRIfECsL0X,3PQLYVskjUeRmRIfECsL0X,No Woman No Cry,Bob Marley & The Wailers,high,identity only: https://stgroupprdhitster.blob.core.windows.net/hitster-assets/gameset_database.json sku=aaaa0005 card=00176; ordered title reference: https://open.spotify.com/track/3PQLYVskjUeRmRIfECsL0X; printed-year evidence: not available,1974,1973,musicbrainz_candidate_differs
177,00177,https://hitstergame.com/uk/aaaa0005/00177,https://hitstergame.com/au/aaah0001/00177,2020,,unresolved,no,unresolved_missing_physical_card_back_year,aaaa0005,55CHeLEfn5iJ0IIkgaa4si,aaah0001,55CHeLEfn5iJ0IIkgaa4si,55CHeLEfn5iJ0IIkgaa4si,Savage,Megan Thee Stallion,high,identity only: https://stgroupprdhitster.blob.core.windows.net/hitster-assets/gameset_database.json sku=aaaa0005 card=00177; ordered title reference: https://open.spotify.com/track/55CHeLEfn5iJ0IIkgaa4si; printed-year evidence: not available,2020,2020,none
178,00178,https://hitstergame.com/uk/aaaa0005/00178,https://hitstergame.com/au/aaah0001/00178,1997,,unresolved,no,unresolved_missing_physical_card_back_year,aaaa0005,3FteycP8CaXS1MhjcXekVT,aaah0001,3FteycP8CaXS1MhjcXekVT,3FteycP8CaXS1MhjcXekVT,Stop,Spice Girls,high,identity only: https://stgroupprdhitster.blob.core.windows.net/hitster-assets/gameset_database.json sku=aaaa0005 card=00178; ordered title reference: https://open.spotify.com/track/3FteycP8CaXS1MhjcXekVT; printed-year evidence: not available,1997,1997,none
179,00179,https://hitstergame.com/uk/aaaa0005/00179,https://hitstergame.com/au/aaah0001/00179,2003,,unresolved,no,unresolved_missing_physical_card_back_year,aaaa0005,0xmjwnQ3FNE6HuWCt2nHdZ,aaah0001,0xmjwnQ3FNE6HuWCt2nHdZ,0xmjwnQ3FNE6HuWCt2nHdZ,Where Is The Love?,Black Eyed Peas,high,identity only: https://stgroupprdhitster.blob.core.windows.net/hitster-assets/gameset_database.json sku=aaaa0005 card=00179; ordered title reference: https://open.spotify.com/track/0xmjwnQ3FNE6HuWCt2nHdZ; printed-year evidence: not available,2003,2003,none
180,00180,https://hitstergame.com/uk/aaaa0005/00180,https://hitstergame.com/au/aaah0001/00180,2012,,unresolved,no,unresolved_missing_physical_card_back_year,aaaa0005,0hm8rgOY17z7kQJlqGKbu7,aaah0001,0hm8rgOY17z7kQJlqGKbu7,0hm8rgOY17z7kQJlqGKbu7,I Will Wait,Mumford & Sons,high,identity only: https://stgroupprdhitster.blob.core.windows.net/hitster-assets/gameset_database.json sku=aaaa0005 card=00180; ordered title reference: https://open.spotify.com/track/0hm8rgOY17z7kQJlqGKbu7; printed-year evidence: not available,2012,2012,none
181,00181,https://hitstergame.com/uk/aaaa0005/00181,https://hitstergame.com/au/aaah0001/00181,2010,,unresolved,no,unresolved_missing_physical_card_back_year,aaaa0005,1mXuMM6zjPgjL4asbBsgnt,aaah0001,1mXuMM6zjPgjL4asbBsgnt,1mXuMM6zjPgjL4asbBsgnt,Firework,Katy Perry,high,identity only: https://stgroupprdhitster.blob.core.windows.net/hitster-assets/gameset_database.json sku=aaaa0005 card=00181; ordered title reference: https://open.spotify.com/track/1mXuMM6zjPgjL4asbBsgnt; printed-year evidence: not available,2010,2010,none
182,00182,https://hitstergame.com/uk/aaaa0005/00182,https://hitstergame.com/au/aaah0001/00182,1997,,unresolved,no,unresolved_missing_physical_card_back_year,aaaa0005,5ZrDlcxIDZyjOzHdYW1ydr,aaah0001,5ZrDlcxIDZyjOzHdYW1ydr,5ZrDlcxIDZyjOzHdYW1ydr,Barbie Girl,Aqua,high,identity only: https://stgroupprdhitster.blob.core.windows.net/hitster-assets/gameset_database.json sku=aaaa0005 card=00182; ordered title reference: https://open.spotify.com/track/5ZrDlcxIDZyjOzHdYW1ydr; printed-year evidence: not available,1997,1997,none
183,00183,https://hitstergame.com/uk/aaaa0005/00183,https://hitstergame.com/au/aaah0001/00183,2007,,unresolved,no,unresolved_missing_physical_card_back_year,aaaa0005,2T3jgoAMbBXiMMD8pSc6QL,aaah0001,2T3jgoAMbBXiMMD8pSc6QL,2T3jgoAMbBXiMMD8pSc6QL,This Is The Life,Amy Macdonald,high,identity only: https://stgroupprdhitster.blob.core.windows.net/hitster-assets/gameset_database.json sku=aaaa0005 card=00183; ordered title reference: https://open.spotify.com/track/2T3jgoAMbBXiMMD8pSc6QL; printed-year evidence: not available,2007,2007,none
184,00184,https://hitstergame.com/uk/aaaa0005/00184,https://hitstergame.com/au/aaah0001/00184,2013,,unresolved,no,unresolved_missing_physical_card_back_year,aaaa0005,69kOkLUCkxIZYexIgSG8rq,aaah0001,69kOkLUCkxIZYexIgSG8rq,69kOkLUCkxIZYexIgSG8rq,Get Lucky (feat. Pharrell Williams and Nile Rodgers),Daft Punk,high,identity only: https://stgroupprdhitster.blob.core.windows.net/hitster-assets/gameset_database.json sku=aaaa0005 card=00184; ordered title reference: https://open.spotify.com/track/69kOkLUCkxIZYexIgSG8rq; printed-year evidence: not available,2013,2013,none
185,00185,https://hitstergame.com/uk/aaaa0005/00185,https://hitstergame.com/au/aaah0001/00185,1990,,unresolved,no,unresolved_missing_physical_card_back_year,aaaa0005,11d9oUiwHuYt216EFA2tiz,aaah0001,11d9oUiwHuYt216EFA2tiz,11d9oUiwHuYt216EFA2tiz,Ice Ice Baby,Vanilla Ice,high,identity only: https://stgroupprdhitster.blob.core.windows.net/hitster-assets/gameset_database.json sku=aaaa0005 card=00185; ordered title reference: https://open.spotify.com/track/11d9oUiwHuYt216EFA2tiz; printed-year evidence: not available,1990,1990,none
186,00186,https://hitstergame.com/uk/aaaa0005/00186,https://hitstergame.com/au/aaah0001/00186,1989,,unresolved,no,unresolved_missing_physical_card_back_year,aaaa0005,1YnVYHXoak0syv4xBRHQRb,aaah0001,1YnVYHXoak0syv4xBRHQRb,1YnVYHXoak0syv4xBRHQRb,Kingston Town,UB40,high,identity only: https://stgroupprdhitster.blob.core.windows.net/hitster-assets/gameset_database.json sku=aaaa0005 card=00186; ordered title reference: https://open.spotify.com/track/1YnVYHXoak0syv4xBRHQRb; printed-year evidence: not available,1989,1989,none
187,00187,https://hitstergame.com/uk/aaaa0005/00187,https://hitstergame.com/au/aaah0001/00187,2005,,unresolved,no,unresolved_missing_physical_card_back_year,aaaa0005,5D2mYZuzcgjpchVY1pmTPh,aaah0001,5D2mYZuzcgjpchVY1pmTPh,5D2mYZuzcgjpchVY1pmTPh,Candy Shop,50 Cent,high,identity only: https://stgroupprdhitster.blob.core.windows.net/hitster-assets/gameset_database.json sku=aaaa0005 card=00187; ordered title reference: https://open.spotify.com/track/5D2mYZuzcgjpchVY1pmTPh; printed-year evidence: not available,2005,2005,none
188,00188,https://hitstergame.com/uk/aaaa0005/00188,https://hitstergame.com/au/aaah0001/00188,2001,,unresolved,no,unresolved_missing_physical_card_back_year,aaaa0005,3unsLiH5FXmaDWtT5Imolu,aaah0001,3unsLiH5FXmaDWtT5Imolu,3unsLiH5FXmaDWtT5Imolu,Fallin',Alicia Keys,high,identity only: https://stgroupprdhitster.blob.core.windows.net/hitster-assets/gameset_database.json sku=aaaa0005 card=00188; ordered title reference: https://open.spotify.com/track/3unsLiH5FXmaDWtT5Imolu; printed-year evidence: not available,2001,2001,none
189,00189,https://hitstergame.com/uk/aaaa0005/00189,https://hitstergame.com/au/aaah0001/00189,1970,,unresolved,no,unresolved_missing_physical_card_back_year,aaaa0005,7iN1s7xHE4ifF5povM6A48,aaah0001,7iN1s7xHE4ifF5povM6A48,7iN1s7xHE4ifF5povM6A48,Let It Be - Remastered 2009,The Beatles,high,identity only: https://stgroupprdhitster.blob.core.windows.net/hitster-assets/gameset_database.json sku=aaaa0005 card=00189; ordered title reference: https://open.spotify.com/track/7iN1s7xHE4ifF5povM6A48; printed-year evidence: not available,1970,1970,none
190,00190,https://hitstergame.com/uk/aaaa0005/00190,https://hitstergame.com/au/aaah0001/00190,1965,,unresolved,no,unresolved_missing_physical_card_back_year,aaaa0005,6b6IMqP565TbtFFZg9iFf3,aaah0001,6b6IMqP565TbtFFZg9iFf3,6b6IMqP565TbtFFZg9iFf3,"I Can't Help Myself (Sugar Pie, Honey Bunch)",Four Tops,high,identity only: https://stgroupprdhitster.blob.core.windows.net/hitster-assets/gameset_database.json sku=aaaa0005 card=00190; ordered title reference: https://open.spotify.com/track/6b6IMqP565TbtFFZg9iFf3; printed-year evidence: not available,1965,1965,none
191,00191,https://hitstergame.com/uk/aaaa0005/00191,https://hitstergame.com/au/aaah0001/00191,1995,,unresolved,no,unresolved_missing_physical_card_back_year,aaaa0005,4fxF8ljwryMZX5c9EKrLFE,aaah0001,4fxF8ljwryMZX5c9EKrLFE,4fxF8ljwryMZX5c9EKrLFE,Boombastic,Shaggy,high,identity only: https://stgroupprdhitster.blob.core.windows.net/hitster-assets/gameset_database.json sku=aaaa0005 card=00191; ordered title reference: https://open.spotify.com/track/4fxF8ljwryMZX5c9EKrLFE; printed-year evidence: not available,1995,1994,musicbrainz_candidate_differs
192,00192,https://hitstergame.com/uk/aaaa0005/00192,https://hitstergame.com/au/aaah0001/00192,1991,,unresolved,no,unresolved_missing_physical_card_back_year,aaaa0005,31AOj9sFz2gM0O3hMARRBx,aaah0001,31AOj9sFz2gM0O3hMARRBx,31AOj9sFz2gM0O3hMARRBx,Losing My Religion,R.E.M.,high,identity only: https://stgroupprdhitster.blob.core.windows.net/hitster-assets/gameset_database.json sku=aaaa0005 card=00192; ordered title reference: https://open.spotify.com/track/31AOj9sFz2gM0O3hMARRBx; printed-year evidence: not available,1991,1991,none
193,00193,https://hitstergame.com/uk/aaaa0005/00193,https://hitstergame.com/au/aaah0001/00193,2011,,unresolved,no,unresolved_missing_physical_card_back_year,aaaa0005,0HqeTDZMGlYDmgGGVFQrSg,aaah0001,0HqeTDZMGlYDmgGGVFQrSg,0HqeTDZMGlYDmgGGVFQrSg,"Moves Like Jagger - Studio Recording From ""The Voice"" Performance",Maroon 5,high,identity only: https://stgroupprdhitster.blob.core.windows.net/hitster-assets/gameset_database.json sku=aaaa0005 card=00193; ordered title reference: https://open.spotify.com/track/0HqeTDZMGlYDmgGGVFQrSg; printed-year evidence: not available,2011,2011,none
194,00194,https://hitstergame.com/uk/aaaa0005/00194,https://hitstergame.com/au/aaah0001/00194,2014,,unresolved,no,unresolved_missing_physical_card_back_year,aaaa0005,5jE48hhRu8E6zBDPRSkEq7,aaah0001,5jE48hhRu8E6zBDPRSkEq7,5jE48hhRu8E6zBDPRSkEq7,All About That Bass,Meghan Trainor,high,identity only: https://stgroupprdhitster.blob.core.windows.net/hitster-assets/gameset_database.json sku=aaaa0005 card=00194; ordered title reference: https://open.spotify.com/track/5jE48hhRu8E6zBDPRSkEq7; printed-year evidence: not available,2015,2014,community_bopster_year_differs
195,00195,https://hitstergame.com/uk/aaaa0005/00195,https://hitstergame.com/au/aaah0001/00195,2003,,unresolved,no,unresolved_missing_physical_card_back_year,aaaa0005,6I9VzXrHxO9rA9A5euc8Ak,aaah0001,6I9VzXrHxO9rA9A5euc8Ak,6I9VzXrHxO9rA9A5euc8Ak,Toxic,Britney Spears,high,identity only: https://stgroupprdhitster.blob.core.windows.net/hitster-assets/gameset_database.json sku=aaaa0005 card=00195; ordered title reference: https://open.spotify.com/track/6I9VzXrHxO9rA9A5euc8Ak; printed-year evidence: not available,2003,2003,none
196,00196,https://hitstergame.com/uk/aaaa0005/00196,https://hitstergame.com/au/aaah0001/00196,2010,,unresolved,no,unresolved_missing_physical_card_back_year,aaaa0005,3LUWWox8YYykohBbHUrrxd,aaah0001,3LUWWox8YYykohBbHUrrxd,3LUWWox8YYykohBbHUrrxd,We R Who We R,Kesha,high,identity only: https://stgroupprdhitster.blob.core.windows.net/hitster-assets/gameset_database.json sku=aaaa0005 card=00196; ordered title reference: https://open.spotify.com/track/3LUWWox8YYykohBbHUrrxd; printed-year evidence: not available,2010,2011,musicbrainz_candidate_differs
197,00197,https://hitstergame.com/uk/aaaa0005/00197,https://hitstergame.com/au/aaah0001/00197,2002,,unresolved,no,unresolved_missing_physical_card_back_year,aaaa0005,3jagJCUbdqhDSPuxP8cAqF,aaah0001,3jagJCUbdqhDSPuxP8cAqF,3jagJCUbdqhDSPuxP8cAqF,Work It,Missy Elliott,high,identity only: https://stgroupprdhitster.blob.core.windows.net/hitster-assets/gameset_database.json sku=aaaa0005 card=00197; ordered title reference: https://open.spotify.com/track/3jagJCUbdqhDSPuxP8cAqF; printed-year evidence: not available,2002,2002,none
198,00198,https://hitstergame.com/uk/aaaa0005/00198,https://hitstergame.com/au/aaah0001/00198,2014,,unresolved,no,unresolved_missing_physical_card_back_year,aaaa0005,6YUTL4dYpB9xZO5qExPf05,aaah0001,6YUTL4dYpB9xZO5qExPf05,6YUTL4dYpB9xZO5qExPf05,Summer,Calvin Harris,high,identity only: https://stgroupprdhitster.blob.core.windows.net/hitster-assets/gameset_database.json sku=aaaa0005 card=00198; ordered title reference: https://open.spotify.com/track/6YUTL4dYpB9xZO5qExPf05; printed-year evidence: not available,2014,2014,none
199,00199,https://hitstergame.com/uk/aaaa0005/00199,https://hitstergame.com/au/aaah0001/00199,1983,,unresolved,no,unresolved_missing_physical_card_back_year,aaaa0005,5muHy7Z0bHM4uqExt081ue,aaah0001,5muHy7Z0bHM4uqExt081ue,5muHy7Z0bHM4uqExt081ue,Karma Chameleon - Remastered 2002,Culture Club,high,identity only: https://stgroupprdhitster.blob.core.windows.net/hitster-assets/gameset_database.json sku=aaaa0005 card=00199; ordered title reference: https://open.spotify.com/track/5muHy7Z0bHM4uqExt081ue; printed-year evidence: not available,2022,1983,community_bopster_year_differs
200,00200,https://hitstergame.com/uk/aaaa0005/00200,https://hitstergame.com/au/aaah0001/00200,1958,,unresolved,no,unresolved_missing_physical_card_back_year,aaaa0005,57yz5oqMytzbwdewSG28L9,aaah0001,57yz5oqMytzbwdewSG28L9,57yz5oqMytzbwdewSG28L9,Smoke Gets In Your Eyes,The Platters,high,identity only: https://stgroupprdhitster.blob.core.windows.net/hitster-assets/gameset_database.json sku=aaaa0005 card=00200; ordered title reference: https://open.spotify.com/track/57yz5oqMytzbwdewSG28L9; printed-year evidence: not available,1986,1958,community_bopster_year_differs
201,00201,https://hitstergame.com/uk/aaaa0005/00201,https://hitstergame.com/au/aaah0001/00201,1995,,unresolved,no,unresolved_missing_physical_card_back_year,aaaa0005,1qPbGZqppFwLwcBC1JQ6Vr,aaah0001,1qPbGZqppFwLwcBC1JQ6Vr,1qPbGZqppFwLwcBC1JQ6Vr,Wonderwall,Oasis,high,identity only: https://stgroupprdhitster.blob.core.windows.net/hitster-assets/gameset_database.json sku=aaaa0005 card=00201; ordered title reference: https://open.spotify.com/track/1qPbGZqppFwLwcBC1JQ6Vr; printed-year evidence: not available,1995,1995,none
202,00202,https://hitstergame.com/uk/aaaa0005/00202,https://hitstergame.com/au/aaah0001/00202,1984,,unresolved,no,unresolved_missing_physical_card_back_year,aaaa0005,54X78diSLoUDI3joC2bjMz,aaah0001,54X78diSLoUDI3joC2bjMz,54X78diSLoUDI3joC2bjMz,Purple Rain,Prince,high,identity only: https://stgroupprdhitster.blob.core.windows.net/hitster-assets/gameset_database.json sku=aaaa0005 card=00202; ordered title reference: https://open.spotify.com/track/54X78diSLoUDI3joC2bjMz; printed-year evidence: not available,1984,1987,musicbrainz_candidate_differs
203,00203,https://hitstergame.com/uk/aaaa0005/00203,https://hitstergame.com/au/aaah0001/00203,2016,,unresolved,no,unresolved_missing_physical_card_back_year,aaaa0005,72TFWvU3wUYdUuxejTTIzt,aaah0001,72TFWvU3wUYdUuxejTTIzt,72TFWvU3wUYdUuxejTTIzt,Work,Rihanna,high,identity only: https://stgroupprdhitster.blob.core.windows.net/hitster-assets/gameset_database.json sku=aaaa0005 card=00203; ordered title reference: https://open.spotify.com/track/72TFWvU3wUYdUuxejTTIzt; printed-year evidence: not available,2016,,musicbrainz_candidate_unresolved
204,00204,https://hitstergame.com/uk/aaaa0005/00204,https://hitstergame.com/au/aaah0001/00204,1988,,unresolved,no,unresolved_missing_physical_card_back_year,aaaa0005,0Fyj9w0HVfjoxm9S8nGClt,aaah0001,0Fyj9w0HVfjoxm9S8nGClt,0Fyj9w0HVfjoxm9S8nGClt,Orinoco Flow,Enya,high,identity only: https://stgroupprdhitster.blob.core.windows.net/hitster-assets/gameset_database.json sku=aaaa0005 card=00204; ordered title reference: https://open.spotify.com/track/0Fyj9w0HVfjoxm9S8nGClt; printed-year evidence: not available,2001,1988,community_bopster_year_differs
205,00205,https://hitstergame.com/uk/aaaa0005/00205,https://hitstergame.com/au/aaah0001/00205,1985,,unresolved,no,unresolved_missing_physical_card_back_year,aaaa0005,6HMFtoMvv6n6Q2eOyPFyne,aaah0001,6HMFtoMvv6n6Q2eOyPFyne,6HMFtoMvv6n6Q2eOyPFyne,Walk Of Life,Dire Straits,high,identity only: https://stgroupprdhitster.blob.core.windows.net/hitster-assets/gameset_database.json sku=aaaa0005 card=00205; ordered title reference: https://open.spotify.com/track/6HMFtoMvv6n6Q2eOyPFyne; printed-year evidence: not available,1985,1985,none
206,00206,https://hitstergame.com/uk/aaaa0005/00206,https://hitstergame.com/au/aaah0001/00206,2014,,unresolved,no,unresolved_missing_physical_card_back_year,aaaa0005,6Awg3vdlBZnLnVWBcyG0vW,aaah0001,6Awg3vdlBZnLnVWBcyG0vW,6Awg3vdlBZnLnVWBcyG0vW,Runaway (U & I),Galantis,high,identity only: https://stgroupprdhitster.blob.core.windows.net/hitster-assets/gameset_database.json sku=aaaa0005 card=00206; ordered title reference: https://open.spotify.com/track/6Awg3vdlBZnLnVWBcyG0vW; printed-year evidence: not available,2015,2014,community_bopster_year_differs
207,00207,https://hitstergame.com/uk/aaaa0005/00207,https://hitstergame.com/au/aaah0001/00207,1961,,unresolved,no,unresolved_missing_physical_card_back_year,aaaa0005,49fzPkBb3aOUWYRKaTWVhm,aaah0001,49fzPkBb3aOUWYRKaTWVhm,49fzPkBb3aOUWYRKaTWVhm,Hit the Road Jack,Ray Charles,high,identity only: https://stgroupprdhitster.blob.core.windows.net/hitster-assets/gameset_database.json sku=aaaa0005 card=00207; ordered title reference: https://open.spotify.com/track/49fzPkBb3aOUWYRKaTWVhm; printed-year evidence: not available,2012,1961,community_bopster_year_differs
208,00208,https://hitstergame.com/uk/aaaa0005/00208,https://hitstergame.com/au/aaah0001/00208,1996,,unresolved,no,unresolved_missing_physical_card_back_year,aaaa0005,1Je1IMUlBXcx1Fz0WE7oPT,aaah0001,1Je1IMUlBXcx1Fz0WE7oPT,1Je1IMUlBXcx1Fz0WE7oPT,Wannabe,Spice Girls,high,identity only: https://stgroupprdhitster.blob.core.windows.net/hitster-assets/gameset_database.json sku=aaaa0005 card=00208; ordered title reference: https://open.spotify.com/track/1Je1IMUlBXcx1Fz0WE7oPT; printed-year evidence: not available,1996,1996,none
209,00209,https://hitstergame.com/uk/aaaa0005/00209,https://hitstergame.com/au/aaah0001/00209,1997,,unresolved,no,unresolved_missing_physical_card_back_year,aaaa0005,2HNZxbvFvasRtlOJ9M6DgR,aaah0001,2HNZxbvFvasRtlOJ9M6DgR,2HNZxbvFvasRtlOJ9M6DgR,MMMBop - Single Version,Hanson,high,identity only: https://stgroupprdhitster.blob.core.windows.net/hitster-assets/gameset_database.json sku=aaaa0005 card=00209; ordered title reference: https://open.spotify.com/track/2HNZxbvFvasRtlOJ9M6DgR; printed-year evidence: not available,2006,1996,community_bopster_year_differs;musicbrainz_candidate_differs
210,00210,https://hitstergame.com/uk/aaaa0005/00210,https://hitstergame.com/au/aaah0001/00210,1956,,unresolved,no,unresolved_missing_physical_card_back_year,aaaa0005,1TKPfF2fvn6gVLVfp3iG4j,aaah0001,1TKPfF2fvn6gVLVfp3iG4j,1TKPfF2fvn6gVLVfp3iG4j,I Walk The Line - Single Version,Johnny Cash,high,identity only: https://stgroupprdhitster.blob.core.windows.net/hitster-assets/gameset_database.json sku=aaaa0005 card=00210; ordered title reference: https://open.spotify.com/track/1TKPfF2fvn6gVLVfp3iG4j; printed-year evidence: not available,1958,1978,community_bopster_year_differs;musicbrainz_candidate_differs
211,00211,https://hitstergame.com/uk/aaaa0005/00211,https://hitstergame.com/au/aaah0001/00211,1994,,unresolved,no,unresolved_missing_physical_card_back_year,aaaa0005,0PCGfA36HrVPmsBZJ57zOU,aaah0001,0PCGfA36HrVPmsBZJ57zOU,0PCGfA36HrVPmsBZJ57zOU,"Love Is All Around - From ""Four Weddings And A Funeral""",Wet Wet Wet,high,identity only: https://stgroupprdhitster.blob.core.windows.net/hitster-assets/gameset_database.json sku=aaaa0005 card=00211; ordered title reference: https://open.spotify.com/track/0PCGfA36HrVPmsBZJ57zOU; printed-year evidence: not available,1995,1994,community_bopster_year_differs
212,00212,https://hitstergame.com/uk/aaaa0005/00212,https://hitstergame.com/au/aaah0001/00212,1992,,unresolved,no,unresolved_missing_physical_card_back_year,aaaa0005,3d9DChrdc6BOeFsbrZ3Is0,aaah0001,3d9DChrdc6BOeFsbrZ3Is0,3d9DChrdc6BOeFsbrZ3Is0,Under the Bridge,Red Hot Chili Peppers,high,identity only: https://stgroupprdhitster.blob.core.windows.net/hitster-assets/gameset_database.json sku=aaaa0005 card=00212; ordered title reference: https://open.spotify.com/track/3d9DChrdc6BOeFsbrZ3Is0; printed-year evidence: not available,1991,1991,community_bopster_year_differs;musicbrainz_candidate_differs
213,00213,https://hitstergame.com/uk/aaaa0005/00213,https://hitstergame.com/au/aaah0001/00213,1999,,unresolved,no,unresolved_missing_physical_card_back_year,aaaa0005,3x4yV0hW5Ve3TKhFkXSqFn,aaah0001,3x4yV0hW5Ve3TKhFkXSqFn,3x4yV0hW5Ve3TKhFkXSqFn,If You Had My Love,Jennifer Lopez,high,identity only: https://stgroupprdhitster.blob.core.windows.net/hitster-assets/gameset_database.json sku=aaaa0005 card=00213; ordered title reference: https://open.spotify.com/track/3x4yV0hW5Ve3TKhFkXSqFn; printed-year evidence: not available,1999,1999,none
214,00214,https://hitstergame.com/uk/aaaa0005/00214,https://hitstergame.com/au/aaah0001/00214,2005,,unresolved,no,unresolved_missing_physical_card_back_year,aaaa0005,3DQVgcqaP3iSMbaKsd57l5,aaah0001,3DQVgcqaP3iSMbaKsd57l5,3DQVgcqaP3iSMbaKsd57l5,I Bet You Look Good On The Dancefloor,Arctic Monkeys,high,identity only: https://stgroupprdhitster.blob.core.windows.net/hitster-assets/gameset_database.json sku=aaaa0005 card=00214; ordered title reference: https://open.spotify.com/track/3DQVgcqaP3iSMbaKsd57l5; printed-year evidence: not available,2006,2004,community_bopster_year_differs;musicbrainz_candidate_differs
215,00215,https://hitstergame.com/uk/aaaa0005/00215,https://hitstergame.com/au/aaah0001/00215,2002,,unresolved,no,unresolved_missing_physical_card_back_year,aaaa0005,00Mb3DuaIH1kjrwOku9CGU,aaah0001,00Mb3DuaIH1kjrwOku9CGU,00Mb3DuaIH1kjrwOku9CGU,Sk8er Boi,Avril Lavigne,high,identity only: https://stgroupprdhitster.blob.core.windows.net/hitster-assets/gameset_database.json sku=aaaa0005 card=00215; ordered title reference: https://open.spotify.com/track/00Mb3DuaIH1kjrwOku9CGU; printed-year evidence: not available,2002,2002,none
216,00216,https://hitstergame.com/uk/aaaa0005/00216,https://hitstergame.com/au/aaah0001/00216,1986,,unresolved,no,unresolved_missing_physical_card_back_year,aaaa0005,2lwnmAQ7VLWmdHA17MHf9G,aaah0001,2lwnmAQ7VLWmdHA17MHf9G,2lwnmAQ7VLWmdHA17MHf9G,West End Girls - 2018 Remaster,Pet Shop Boys,high,identity only: https://stgroupprdhitster.blob.core.windows.net/hitster-assets/gameset_database.json sku=aaaa0005 card=00216; ordered title reference: https://open.spotify.com/track/2lwnmAQ7VLWmdHA17MHf9G; printed-year evidence: not available,1986,1984,musicbrainz_candidate_differs
217,00217,https://hitstergame.com/uk/aaaa0005/00217,https://hitstergame.com/au/aaah0001/00217,1987,,unresolved,no,unresolved_missing_physical_card_back_year,aaaa0005,1UvTPXlImVd4jcucK4qJwb,aaah0001,6W7ztLBiRzBN46ZaPAcQ0F,1UvTPXlImVd4jcucK4qJwb,"(I've Had) The Time of My Life - From ""Dirty Dancing"" Soundtrack",Bill Medley,high,identity only: https://stgroupprdhitster.blob.core.windows.net/hitster-assets/gameset_database.json sku=aaaa0005 card=00217; ordered title reference: https://open.spotify.com/track/1UvTPXlImVd4jcucK4qJwb; printed-year evidence: not available,2009,1987,community_bopster_year_differs;uk_au_equivalent_spotify_ids_differ
218,00218,https://hitstergame.com/uk/aaaa0005/00218,https://hitstergame.com/au/aaah0001/00218,1995,,unresolved,no,unresolved_missing_physical_card_back_year,aaaa0005,1d6KS9GH06JAd19uiBy9IE,aaah0001,1d6KS9GH06JAd19uiBy9IE,1d6KS9GH06JAd19uiBy9IE,Ironic - 2015 Remaster,Alanis Morissette,high,identity only: https://stgroupprdhitster.blob.core.windows.net/hitster-assets/gameset_database.json sku=aaaa0005 card=00218; ordered title reference: https://open.spotify.com/track/1d6KS9GH06JAd19uiBy9IE; printed-year evidence: not available,1995,1995,none
219,00219,https://hitstergame.com/uk/aaaa0005/00219,https://hitstergame.com/au/aaah0001/00219,1996,,unresolved,no,unresolved_missing_physical_card_back_year,aaaa0005,3jDdpx9PMlfMBS5tOBHFm9,aaah0001,3jDdpx9PMlfMBS5tOBHFm9,3jDdpx9PMlfMBS5tOBHFm9,Return of the Mack,Mark Morrison,high,identity only: https://stgroupprdhitster.blob.core.windows.net/hitster-assets/gameset_database.json sku=aaaa0005 card=00219; ordered title reference: https://open.spotify.com/track/3jDdpx9PMlfMBS5tOBHFm9; printed-year evidence: not available,1996,1995,musicbrainz_candidate_differs
220,00220,https://hitstergame.com/uk/aaaa0005/00220,https://hitstergame.com/au/aaah0001/00220,1975,,unresolved,no,unresolved_missing_physical_card_back_year,aaaa0005,6hYT9vkr0xMjhBlaLsYq9T,aaah0001,6hYT9vkr0xMjhBlaLsYq9T,6hYT9vkr0xMjhBlaLsYq9T,The Hustle - Original Mix,Van McCoy,high,identity only: https://stgroupprdhitster.blob.core.windows.net/hitster-assets/gameset_database.json sku=aaaa0005 card=00220; ordered title reference: https://open.spotify.com/track/6hYT9vkr0xMjhBlaLsYq9T; printed-year evidence: not available,1975,1984,musicbrainz_candidate_differs
221,00221,https://hitstergame.com/uk/aaaa0005/00221,https://hitstergame.com/au/aaah0001/00221,1984,,unresolved,no,unresolved_missing_physical_card_back_year,aaaa0005,2gQaQUhDCNGfBVXTvxAmXQ,aaah0001,2gQaQUhDCNGfBVXTvxAmXQ,2gQaQUhDCNGfBVXTvxAmXQ,Shout,Tears For Fears,high,identity only: https://stgroupprdhitster.blob.core.windows.net/hitster-assets/gameset_database.json sku=aaaa0005 card=00221; ordered title reference: https://open.spotify.com/track/2gQaQUhDCNGfBVXTvxAmXQ; printed-year evidence: not available,1985,1984,community_bopster_year_differs
222,00222,https://hitstergame.com/uk/aaaa0005/00222,https://hitstergame.com/au/aaah0001/00222,2008,,unresolved,no,unresolved_missing_physical_card_back_year,aaaa0005,3Fcfwhm8oRrBvBZ8KGhtea,aaah0001,3Fcfwhm8oRrBvBZ8KGhtea,3Fcfwhm8oRrBvBZ8KGhtea,Viva La Vida,Coldplay,high,identity only: https://stgroupprdhitster.blob.core.windows.net/hitster-assets/gameset_database.json sku=aaaa0005 card=00222; ordered title reference: https://open.spotify.com/track/3Fcfwhm8oRrBvBZ8KGhtea; printed-year evidence: not available,2008,2008,none
223,00223,https://hitstergame.com/uk/aaaa0005/00223,https://hitstergame.com/au/aaah0001/00223,1964,,unresolved,no,unresolved_missing_physical_card_back_year,aaaa0005,48i055G1OT5KxGGftwFxWy,aaah0001,48i055G1OT5KxGGftwFxWy,48i055G1OT5KxGGftwFxWy,"Oh, Pretty Woman",Roy Orbison,high,identity only: https://stgroupprdhitster.blob.core.windows.net/hitster-assets/gameset_database.json sku=aaaa0005 card=00223; ordered title reference: https://open.spotify.com/track/48i055G1OT5KxGGftwFxWy; printed-year evidence: not available,1962,1972,community_bopster_year_differs;musicbrainz_candidate_differs
224,00224,https://hitstergame.com/uk/aaaa0005/00224,https://hitstergame.com/au/aaah0001/00224,1993,,unresolved,no,unresolved_missing_physical_card_back_year,aaaa0005,2IHaGyfxNoFPLJnaEg4GTs,aaah0001,2IHaGyfxNoFPLJnaEg4GTs,2IHaGyfxNoFPLJnaEg4GTs,"What Is Love - 7"" Mix",Haddaway,high,identity only: https://stgroupprdhitster.blob.core.windows.net/hitster-assets/gameset_database.json sku=aaaa0005 card=00224; ordered title reference: https://open.spotify.com/track/2IHaGyfxNoFPLJnaEg4GTs; printed-year evidence: not available,1993,1992,musicbrainz_candidate_differs
225,00225,https://hitstergame.com/uk/aaaa0005/00225,https://hitstergame.com/au/aaah0001/00225,2000,,unresolved,no,unresolved_missing_physical_card_back_year,aaaa0005,3Fzlg5r1IjhLk2qRw667od,aaah0001,3Fzlg5r1IjhLk2qRw667od,3Fzlg5r1IjhLk2qRw667od,Dancing in the Moonlight,Toploader,high,identity only: https://stgroupprdhitster.blob.core.windows.net/hitster-assets/gameset_database.json sku=aaaa0005 card=00225; ordered title reference: https://open.spotify.com/track/3Fzlg5r1IjhLk2qRw667od; printed-year evidence: not available,2000,2000,none
226,00226,https://hitstergame.com/uk/aaaa0005/00226,https://hitstergame.com/au/aaah0001/00226,1986,,unresolved,no,unresolved_missing_physical_card_back_year,aaaa0005,0qxYx4F3vm1AOnfux6dDxP,aaah0001,0qxYx4F3vm1AOnfux6dDxP,0qxYx4F3vm1AOnfux6dDxP,You Can Call Me Al,Paul Simon,high,identity only: https://stgroupprdhitster.blob.core.windows.net/hitster-assets/gameset_database.json sku=aaaa0005 card=00226; ordered title reference: https://open.spotify.com/track/0qxYx4F3vm1AOnfux6dDxP; printed-year evidence: not available,1986,1986,none
227,00227,https://hitstergame.com/uk/aaaa0005/00227,https://hitstergame.com/au/aaah0001/00227,1965,,unresolved,no,unresolved_missing_physical_card_back_year,aaaa0005,5haXbSJqjjM0TCJ5XkfEaC,aaah0001,5haXbSJqjjM0TCJ5XkfEaC,5haXbSJqjjM0TCJ5XkfEaC,I Got You (I Feel Good),James Brown & The Famous Flames,high,identity only: https://stgroupprdhitster.blob.core.windows.net/hitster-assets/gameset_database.json sku=aaaa0005 card=00227; ordered title reference: https://open.spotify.com/track/5haXbSJqjjM0TCJ5XkfEaC; printed-year evidence: not available,1966,1965,community_bopster_year_differs
228,00228,https://hitstergame.com/uk/aaaa0005/00228,https://hitstergame.com/au/aaah0001/00228,1968,,unresolved,no,unresolved_missing_physical_card_back_year,aaaa0005,1tqT6DhmsrtQgyCKUwotiw,aaah0001,1tqT6DhmsrtQgyCKUwotiw,1tqT6DhmsrtQgyCKUwotiw,I Heard It Through The Grapevine,Marvin Gaye,high,identity only: https://stgroupprdhitster.blob.core.windows.net/hitster-assets/gameset_database.json sku=aaaa0005 card=00228; ordered title reference: https://open.spotify.com/track/1tqT6DhmsrtQgyCKUwotiw; printed-year evidence: not available,1968,1968,none
229,00229,https://hitstergame.com/uk/aaaa0005/00229,https://hitstergame.com/au/aaah0001/00229,2011,,unresolved,no,unresolved_missing_physical_card_back_year,aaaa0005,3bNv3VuUOKgrf5hu3YcuRo,aaah0001,3bNv3VuUOKgrf5hu3YcuRo,3bNv3VuUOKgrf5hu3YcuRo,Someone Like You,Adele,high,identity only: https://stgroupprdhitster.blob.core.windows.net/hitster-assets/gameset_database.json sku=aaaa0005 card=00229; ordered title reference: https://open.spotify.com/track/3bNv3VuUOKgrf5hu3YcuRo; printed-year evidence: not available,2011,2010,musicbrainz_candidate_differs
230,00230,https://hitstergame.com/uk/aaaa0005/00230,https://hitstergame.com/au/aaah0001/00230,1962,,unresolved,no,unresolved_missing_physical_card_back_year,aaaa0005,7iFdUmdqT9XrsJdSGf9KrX,aaah0001,7iFdUmdqT9XrsJdSGf9KrX,7iFdUmdqT9XrsJdSGf9KrX,Twist And Shout,The Isley Brothers,high,identity only: https://stgroupprdhitster.blob.core.windows.net/hitster-assets/gameset_database.json sku=aaaa0005 card=00230; ordered title reference: https://open.spotify.com/track/7iFdUmdqT9XrsJdSGf9KrX; printed-year evidence: not available,2005,1962,community_bopster_year_differs
231,00231,https://hitstergame.com/uk/aaaa0005/00231,https://hitstergame.com/au/aaah0001/00231,1994,,unresolved,no,unresolved_missing_physical_card_back_year,aaaa0005,1FkoVC85Ds3mFoK0fVqEqP,aaah0001,1FkoVC85Ds3mFoK0fVqEqP,1FkoVC85Ds3mFoK0fVqEqP,Self Esteem,The Offspring,high,identity only: https://stgroupprdhitster.blob.core.windows.net/hitster-assets/gameset_database.json sku=aaaa0005 card=00231; ordered title reference: https://open.spotify.com/track/1FkoVC85Ds3mFoK0fVqEqP; printed-year evidence: not available,1994,1994,none
232,00232,https://hitstergame.com/uk/aaaa0005/00232,https://hitstergame.com/au/aaah0001/00232,2007,,unresolved,no,unresolved_missing_physical_card_back_year,aaaa0005,0j2T0R9dR9qdJYsB7ciXhf,aaah0001,0j2T0R9dR9qdJYsB7ciXhf,0j2T0R9dR9qdJYsB7ciXhf,Stronger,Kanye West,high,identity only: https://stgroupprdhitster.blob.core.windows.net/hitster-assets/gameset_database.json sku=aaaa0005 card=00232; ordered title reference: https://open.spotify.com/track/0j2T0R9dR9qdJYsB7ciXhf; printed-year evidence: not available,2007,,musicbrainz_candidate_unresolved
233,00233,https://hitstergame.com/uk/aaaa0005/00233,https://hitstergame.com/au/aaah0001/00233,1981,,unresolved,no,unresolved_missing_physical_card_back_year,aaaa0005,2fuCquhmrzHpu5xcA1ci9x,aaah0001,2fuCquhmrzHpu5xcA1ci9x,2fuCquhmrzHpu5xcA1ci9x,Under Pressure - Remastered 2011,Queen,high,identity only: https://stgroupprdhitster.blob.core.windows.net/hitster-assets/gameset_database.json sku=aaaa0005 card=00233; ordered title reference: https://open.spotify.com/track/2fuCquhmrzHpu5xcA1ci9x; printed-year evidence: not available,1982,1984,community_bopster_year_differs;musicbrainz_candidate_differs
234,00234,https://hitstergame.com/uk/aaaa0005/00234,https://hitstergame.com/au/aaah0001/00234,2001,,unresolved,no,unresolved_missing_physical_card_back_year,aaaa0005,2Mpj1Ul5OFPyyP4wB62Rvi,aaah0001,2Mpj1Ul5OFPyyP4wB62Rvi,2Mpj1Ul5OFPyyP4wB62Rvi,Survivor,Destiny's Child,high,identity only: https://stgroupprdhitster.blob.core.windows.net/hitster-assets/gameset_database.json sku=aaaa0005 card=00234; ordered title reference: https://open.spotify.com/track/2Mpj1Ul5OFPyyP4wB62Rvi; printed-year evidence: not available,2001,2001,none
235,00235,https://hitstergame.com/uk/aaaa0005/00235,https://hitstergame.com/au/aaah0001/00235,1980,,unresolved,no,unresolved_missing_physical_card_back_year,aaaa0005,3K7Q9PHUWPTaknlbFPThn2,aaah0001,3K7Q9PHUWPTaknlbFPThn2,3K7Q9PHUWPTaknlbFPThn2,Celebration,Kool & The Gang,high,identity only: https://stgroupprdhitster.blob.core.windows.net/hitster-assets/gameset_database.json sku=aaaa0005 card=00235; ordered title reference: https://open.spotify.com/track/3K7Q9PHUWPTaknlbFPThn2; printed-year evidence: not available,1980,1980,none
236,00236,https://hitstergame.com/uk/aaaa0005/00236,https://hitstergame.com/au/aaah0001/00236,2009,,unresolved,no,unresolved_missing_physical_card_back_year,aaaa0005,4HlFJV71xXKIGcU3kRyttv,aaah0001,4HlFJV71xXKIGcU3kRyttv,4HlFJV71xXKIGcU3kRyttv,"Hey, Soul Sister",Train,high,identity only: https://stgroupprdhitster.blob.core.windows.net/hitster-assets/gameset_database.json sku=aaaa0005 card=00236; ordered title reference: https://open.spotify.com/track/4HlFJV71xXKIGcU3kRyttv; printed-year evidence: not available,2010,2009,community_bopster_year_differs
237,00237,https://hitstergame.com/uk/aaaa0005/00237,https://hitstergame.com/au/aaah0001/00237,1980,,unresolved,no,unresolved_missing_physical_card_back_year,aaaa0005,5j4RaTG3kjLlreau6KjLrf,aaah0001,5j4RaTG3kjLlreau6KjLrf,5j4RaTG3kjLlreau6KjLrf,Baggy Trousers - 2010 Remaster,Madness,high,identity only: https://stgroupprdhitster.blob.core.windows.net/hitster-assets/gameset_database.json sku=aaaa0005 card=00237; ordered title reference: https://open.spotify.com/track/5j4RaTG3kjLlreau6KjLrf; printed-year evidence: not available,1980,1980,none
238,00238,https://hitstergame.com/uk/aaaa0005/00238,https://hitstergame.com/au/aaah0001/00238,1973,,unresolved,no,unresolved_missing_physical_card_back_year,aaaa0005,2SpEHTbUuebeLkgs9QB7Ue,aaah0001,2SpEHTbUuebeLkgs9QB7Ue,2SpEHTbUuebeLkgs9QB7Ue,Jolene,Dolly Parton,high,identity only: https://stgroupprdhitster.blob.core.windows.net/hitster-assets/gameset_database.json sku=aaaa0005 card=00238; ordered title reference: https://open.spotify.com/track/2SpEHTbUuebeLkgs9QB7Ue; printed-year evidence: not available,1974,1973,community_bopster_year_differs
239,00239,https://hitstergame.com/uk/aaaa0005/00239,https://hitstergame.com/au/aaah0001/00239,1996,,unresolved,no,unresolved_missing_physical_card_back_year,aaaa0005,79CUrU5o2KAVDTNm4x3eGU,aaah0001,79CUrU5o2KAVDTNm4x3eGU,79CUrU5o2KAVDTNm4x3eGU,Firestarter,The Prodigy,high,identity only: https://stgroupprdhitster.blob.core.windows.net/hitster-assets/gameset_database.json sku=aaaa0005 card=00239; ordered title reference: https://open.spotify.com/track/79CUrU5o2KAVDTNm4x3eGU; printed-year evidence: not available,1997,1995,community_bopster_year_differs;musicbrainz_candidate_differs
240,00240,https://hitstergame.com/uk/aaaa0005/00240,https://hitstergame.com/au/aaah0001/00240,1963,,unresolved,no,unresolved_missing_physical_card_back_year,aaaa0005,2dbaIpJoAk2hhrrX2ljKJo,aaah0001,2dbaIpJoAk2hhrrX2ljKJo,2dbaIpJoAk2hhrrX2ljKJo,Surfin' U.S.A. (Mono),The Beach Boys,high,identity only: https://stgroupprdhitster.blob.core.windows.net/hitster-assets/gameset_database.json sku=aaaa0005 card=00240; ordered title reference: https://open.spotify.com/track/2dbaIpJoAk2hhrrX2ljKJo; printed-year evidence: not available,1963,1963,none
241,00241,https://hitstergame.com/uk/aaaa0005/00241,https://hitstergame.com/au/aaah0001/00241,1990,,unresolved,no,unresolved_missing_physical_card_back_year,aaaa0005,10tdqQKFhddpkjzxllTVRj,aaah0001,10tdqQKFhddpkjzxllTVRj,10tdqQKFhddpkjzxllTVRj,Crazy,Seal,high,identity only: https://stgroupprdhitster.blob.core.windows.net/hitster-assets/gameset_database.json sku=aaaa0005 card=00241; ordered title reference: https://open.spotify.com/track/10tdqQKFhddpkjzxllTVRj; printed-year evidence: not available,1991,1990,community_bopster_year_differs
242,00242,https://hitstergame.com/uk/aaaa0005/00242,https://hitstergame.com/au/aaah0001/00242,2006,,unresolved,no,unresolved_missing_physical_card_back_year,aaaa0005,4aR9bPMAOFySBuQSbVWF3d,aaah0001,4aR9bPMAOFySBuQSbVWF3d,4aR9bPMAOFySBuQSbVWF3d,Smile,Lily Allen,high,identity only: https://stgroupprdhitster.blob.core.windows.net/hitster-assets/gameset_database.json sku=aaaa0005 card=00242; ordered title reference: https://open.spotify.com/track/4aR9bPMAOFySBuQSbVWF3d; printed-year evidence: not available,2006,2006,none
243,00243,https://hitstergame.com/uk/aaaa0005/00243,https://hitstergame.com/au/aaah0001/00243,1982,,unresolved,no,unresolved_missing_physical_card_back_year,aaaa0005,39shmbIHICJ2Wxnk1fPSdz,aaah0001,39shmbIHICJ2Wxnk1fPSdz,39shmbIHICJ2Wxnk1fPSdz,Should I Stay or Should I Go - Remastered,The Clash,high,identity only: https://stgroupprdhitster.blob.core.windows.net/hitster-assets/gameset_database.json sku=aaaa0005 card=00243; ordered title reference: https://open.spotify.com/track/39shmbIHICJ2Wxnk1fPSdz; printed-year evidence: not available,1982,1981,musicbrainz_candidate_differs
244,00244,https://hitstergame.com/uk/aaaa0005/00244,https://hitstergame.com/au/aaah0001/00244,2002,,unresolved,no,unresolved_missing_physical_card_back_year,aaaa0005,14MgTooapmJdLlEMAr2zAM,aaah0001,14MgTooapmJdLlEMAr2zAM,14MgTooapmJdLlEMAr2zAM,Dilemma (feat. Kelly Rowland),Nelly,high,identity only: https://stgroupprdhitster.blob.core.windows.net/hitster-assets/gameset_database.json sku=aaaa0005 card=00244; ordered title reference: https://open.spotify.com/track/14MgTooapmJdLlEMAr2zAM; printed-year evidence: not available,2002,2004,musicbrainz_candidate_differs
245,00245,https://hitstergame.com/uk/aaaa0005/00245,https://hitstergame.com/au/aaah0001/00245,1954,,unresolved,no,unresolved_missing_physical_card_back_year,aaaa0005,1uRKT2LRANv4baowBWHfDS,aaah0001,1uRKT2LRANv4baowBWHfDS,1uRKT2LRANv4baowBWHfDS,(We're Gonna) Rock Around The Clock,Bill Haley & His Comets,high,identity only: https://stgroupprdhitster.blob.core.windows.net/hitster-assets/gameset_database.json sku=aaaa0005 card=00245; ordered title reference: https://open.spotify.com/track/1uRKT2LRANv4baowBWHfDS; printed-year evidence: not available,1955,1954,community_bopster_year_differs
246,00246,https://hitstergame.com/uk/aaaa0005/00246,https://hitstergame.com/au/aaah0001/00246,2006,,unresolved,no,unresolved_missing_physical_card_back_year,aaaa0005,3ZFTkvIE7kyPt6Nu3PEa7V,aaah0001,3ZFTkvIE7kyPt6Nu3PEa7V,3ZFTkvIE7kyPt6Nu3PEa7V,Hips Don't Lie (feat. Wyclef Jean),Shakira,high,identity only: https://stgroupprdhitster.blob.core.windows.net/hitster-assets/gameset_database.json sku=aaaa0005 card=00246; ordered title reference: https://open.spotify.com/track/3ZFTkvIE7kyPt6Nu3PEa7V; printed-year evidence: not available,2005,2006,community_bopster_year_differs
247,00247,https://hitstergame.com/uk/aaaa0005/00247,https://hitstergame.com/au/aaah0001/00247,2021,,unresolved,no,unresolved_missing_physical_card_back_year,aaaa0005,3rmo8F54jFF8OgYsqTxm5d,aaah0001,3rmo8F54jFF8OgYsqTxm5d,3rmo8F54jFF8OgYsqTxm5d,Bad Habits,Ed Sheeran,high,identity only: https://stgroupprdhitster.blob.core.windows.net/hitster-assets/gameset_database.json sku=aaaa0005 card=00247; ordered title reference: https://open.spotify.com/track/3rmo8F54jFF8OgYsqTxm5d; printed-year evidence: not available,2021,2021,none
248,00248,https://hitstergame.com/uk/aaaa0005/00248,https://hitstergame.com/au/aaah0001/00248,1961,,unresolved,no,unresolved_missing_physical_card_back_year,aaaa0005,1UwriLz98ILbRhrtohTca1,aaah0001,1UwriLz98ILbRhrtohTca1,1UwriLz98ILbRhrtohTca1,The Wanderer,Dion,high,identity only: https://stgroupprdhitster.blob.core.windows.net/hitster-assets/gameset_database.json sku=aaaa0005 card=00248; ordered title reference: https://open.spotify.com/track/1UwriLz98ILbRhrtohTca1; printed-year evidence: not available,2001,1979,community_bopster_year_differs;musicbrainz_candidate_differs
249,00249,https://hitstergame.com/uk/aaaa0005/00249,https://hitstergame.com/au/aaah0001/00249,2000,,unresolved,no,unresolved_missing_physical_card_back_year,aaaa0005,6iNBM60VQtPUUhkKfwa5KV,aaah0001,6iNBM60VQtPUUhkKfwa5KV,6iNBM60VQtPUUhkKfwa5KV,It's My Life,Bon Jovi,high,identity only: https://stgroupprdhitster.blob.core.windows.net/hitster-assets/gameset_database.json sku=aaaa0005 card=00249; ordered title reference: https://open.spotify.com/track/6iNBM60VQtPUUhkKfwa5KV; printed-year evidence: not available,2010,2000,community_bopster_year_differs
250,00250,https://hitstergame.com/uk/aaaa0005/00250,https://hitstergame.com/au/aaah0001/00250,1987,,unresolved,no,unresolved_missing_physical_card_back_year,aaaa0005,4k5FeWIdUaBx5OZdvrSYP1,aaah0001,4k5FeWIdUaBx5OZdvrSYP1,4k5FeWIdUaBx5OZdvrSYP1,Everywhere - 2017 Remaster,Fleetwood Mac,high,identity only: https://stgroupprdhitster.blob.core.windows.net/hitster-assets/gameset_database.json sku=aaaa0005 card=00250; ordered title reference: https://open.spotify.com/track/4k5FeWIdUaBx5OZdvrSYP1; printed-year evidence: not available,1987,1987,none
251,00251,https://hitstergame.com/uk/aaaa0005/00251,https://hitstergame.com/au/aaah0001/00251,2001,,unresolved,no,unresolved_missing_physical_card_back_year,aaaa0005,3SrZbaN4gjObKVSgq5QkpS,aaah0001,3SrZbaN4gjObKVSgq5QkpS,3SrZbaN4gjObKVSgq5QkpS,Family Affair,Mary J. Blige,high,identity only: https://stgroupprdhitster.blob.core.windows.net/hitster-assets/gameset_database.json sku=aaaa0005 card=00251; ordered title reference: https://open.spotify.com/track/3SrZbaN4gjObKVSgq5QkpS; printed-year evidence: not available,2001,2000,musicbrainz_candidate_differs
252,00252,https://hitstergame.com/uk/aaaa0005/00252,https://hitstergame.com/au/aaah0001/00252,1983,,unresolved,no,unresolved_missing_physical_card_back_year,aaaa0005,7Ewz6bJ97vUqk5HdkvguFQ,aaah0001,7Ewz6bJ97vUqk5HdkvguFQ,7Ewz6bJ97vUqk5HdkvguFQ,Heaven,Bryan Adams,high,identity only: https://stgroupprdhitster.blob.core.windows.net/hitster-assets/gameset_database.json sku=aaaa0005 card=00252; ordered title reference: https://open.spotify.com/track/7Ewz6bJ97vUqk5HdkvguFQ; printed-year evidence: not available,1984,1984,community_bopster_year_differs;musicbrainz_candidate_differs
253,00253,https://hitstergame.com/uk/aaaa0005/00253,https://hitstergame.com/au/aaah0001/00253,2021,,unresolved,no,unresolved_missing_physical_card_back_year,aaaa0005,5HCyWlXZPP0y6Gqq8TgA20,aaah0001,5HCyWlXZPP0y6Gqq8TgA20,5HCyWlXZPP0y6Gqq8TgA20,STAY (with Justin Bieber),The Kid LAROI,high,identity only: https://stgroupprdhitster.blob.core.windows.net/hitster-assets/gameset_database.json sku=aaaa0005 card=00253; ordered title reference: https://open.spotify.com/track/5HCyWlXZPP0y6Gqq8TgA20; printed-year evidence: not available,2021,2021,none
254,00254,https://hitstergame.com/uk/aaaa0005/00254,https://hitstergame.com/au/aaah0001/00254,2020,,unresolved,no,unresolved_missing_physical_card_back_year,aaaa0005,6cx06DFPPHchuUAcTxznu9,aaah0001,6cx06DFPPHchuUAcTxznu9,6cx06DFPPHchuUAcTxznu9,Head & Heart (feat. MNEK),Joel Corry,high,identity only: https://stgroupprdhitster.blob.core.windows.net/hitster-assets/gameset_database.json sku=aaaa0005 card=00254; ordered title reference: https://open.spotify.com/track/6cx06DFPPHchuUAcTxznu9; printed-year evidence: not available,2020,2020,none
255,00255,https://hitstergame.com/uk/aaaa0005/00255,https://hitstergame.com/au/aaah0001/00255,1977,,unresolved,no,unresolved_missing_physical_card_back_year,aaaa0005,5nrmGFJ87crVoJF5xdRqwn,aaah0001,5nrmGFJ87crVoJF5xdRqwn,5nrmGFJ87crVoJF5xdRqwn,Waterloo Sunset,The Kinks,high,identity only: https://stgroupprdhitster.blob.core.windows.net/hitster-assets/gameset_database.json sku=aaaa0005 card=00255; ordered title reference: https://open.spotify.com/track/5nrmGFJ87crVoJF5xdRqwn; printed-year evidence: not available,1967,1967,community_bopster_year_differs;musicbrainz_candidate_differs
256,00256,https://hitstergame.com/uk/aaaa0005/00256,https://hitstergame.com/au/aaah0001/00256,1994,,unresolved,no,unresolved_missing_physical_card_back_year,aaaa0005,7EZC6E7UjZe63f1jRmkWxt,aaah0001,7EZC6E7UjZe63f1jRmkWxt,7EZC6E7UjZe63f1jRmkWxt,Zombie,The Cranberries,high,identity only: https://stgroupprdhitster.blob.core.windows.net/hitster-assets/gameset_database.json sku=aaaa0005 card=00256; ordered title reference: https://open.spotify.com/track/7EZC6E7UjZe63f1jRmkWxt; printed-year evidence: not available,1994,1994,none
257,00257,https://hitstergame.com/uk/aaaa0005/00257,https://hitstergame.com/au/aaah0001/00257,2018,,unresolved,no,unresolved_missing_physical_card_back_year,aaaa0005,2TIlqbIneP0ZY1O0EzYLlc,aaah0001,2TIlqbIneP0ZY1O0EzYLlc,2TIlqbIneP0ZY1O0EzYLlc,Someone You Loved,Lewis Capaldi,high,identity only: https://stgroupprdhitster.blob.core.windows.net/hitster-assets/gameset_database.json sku=aaaa0005 card=00257; ordered title reference: https://open.spotify.com/track/2TIlqbIneP0ZY1O0EzYLlc; printed-year evidence: not available,2018,2018,none
258,00258,https://hitstergame.com/uk/aaaa0005/00258,https://hitstergame.com/au/aaah0001/00258,1982,,unresolved,no,unresolved_missing_physical_card_back_year,aaaa0005,2374M0fQpWi3dLnB54qaLX,aaah0001,2374M0fQpWi3dLnB54qaLX,2374M0fQpWi3dLnB54qaLX,Africa,TOTO,high,identity only: https://stgroupprdhitster.blob.core.windows.net/hitster-assets/gameset_database.json sku=aaaa0005 card=00258; ordered title reference: https://open.spotify.com/track/2374M0fQpWi3dLnB54qaLX; printed-year evidence: not available,1982,1982,none
259,00259,https://hitstergame.com/uk/aaaa0005/00259,https://hitstergame.com/au/aaah0001/00259,2006,,unresolved,no,unresolved_missing_physical_card_back_year,aaaa0005,2N5zMZX7YeL1tico8oQxa9,aaah0001,2N5zMZX7YeL1tico8oQxa9,2N5zMZX7YeL1tico8oQxa9,Crazy,Gnarls Barkley,high,identity only: https://stgroupprdhitster.blob.core.windows.net/hitster-assets/gameset_database.json sku=aaaa0005 card=00259; ordered title reference: https://open.spotify.com/track/2N5zMZX7YeL1tico8oQxa9; printed-year evidence: not available,2006,2006,none
260,00260,https://hitstergame.com/uk/aaaa0005/00260,https://hitstergame.com/au/aaah0001/00260,1970,,unresolved,no,unresolved_missing_physical_card_back_year,aaaa0005,2eF8pWbiivYsYRpbntYsnc,aaah0001,2eF8pWbiivYsYRpbntYsnc,2eF8pWbiivYsYRpbntYsnc,"Signed, Sealed, Delivered (I'm Yours)",Stevie Wonder,high,identity only: https://stgroupprdhitster.blob.core.windows.net/hitster-assets/gameset_database.json sku=aaaa0005 card=00260; ordered title reference: https://open.spotify.com/track/2eF8pWbiivYsYRpbntYsnc; printed-year evidence: not available,1970,1970,none
261,00261,https://hitstergame.com/uk/aaaa0005/00261,https://hitstergame.com/au/aaah0001/00261,1954,,unresolved,no,unresolved_missing_physical_card_back_year,aaaa0005,4qKlYv1B1XhJ7Q114Thv6m,aaah0001,4qKlYv1B1XhJ7Q114Thv6m,4qKlYv1B1XhJ7Q114Thv6m,I've Got a Woman,Ray Charles,high,identity only: https://stgroupprdhitster.blob.core.windows.net/hitster-assets/gameset_database.json sku=aaaa0005 card=00261; ordered title reference: https://open.spotify.com/track/4qKlYv1B1XhJ7Q114Thv6m; printed-year evidence: not available,1994,1954,community_bopster_year_differs
262,00262,https://hitstergame.com/uk/aaaa0005/00262,https://hitstergame.com/au/aaah0001/00262,1994,,unresolved,no,unresolved_missing_physical_card_back_year,aaaa0005,5BHfKRD3LTxFz1tX8AH0DN,aaah0001,5BHfKRD3LTxFz1tX8AH0DN,5BHfKRD3LTxFz1tX8AH0DN,Black Hole Sun,Soundgarden,high,identity only: https://stgroupprdhitster.blob.core.windows.net/hitster-assets/gameset_database.json sku=aaaa0005 card=00262; ordered title reference: https://open.spotify.com/track/5BHfKRD3LTxFz1tX8AH0DN; printed-year evidence: not available,2010,1994,community_bopster_year_differs
263,00263,https://hitstergame.com/uk/aaaa0005/00263,https://hitstergame.com/au/aaah0001/00263,2000,,unresolved,no,unresolved_missing_physical_card_back_year,aaaa0005,6MnWfOgKRkQtY1pRgoTwB1,aaah0001,6MnWfOgKRkQtY1pRgoTwB1,6MnWfOgKRkQtY1pRgoTwB1,Reach,S Club,high,identity only: https://stgroupprdhitster.blob.core.windows.net/hitster-assets/gameset_database.json sku=aaaa0005 card=00263; ordered title reference: https://open.spotify.com/track/6MnWfOgKRkQtY1pRgoTwB1; printed-year evidence: not available,2000,2000,none
264,00264,https://hitstergame.com/uk/aaaa0005/00264,https://hitstergame.com/au/aaah0001/00264,2002,,unresolved,no,unresolved_missing_physical_card_back_year,aaaa0005,2Ms33RTRCT6gArrpcrPxmo,aaah0001,2Ms33RTRCT6gArrpcrPxmo,2Ms33RTRCT6gArrpcrPxmo,Feel,Robbie Williams,high,identity only: https://stgroupprdhitster.blob.core.windows.net/hitster-assets/gameset_database.json sku=aaaa0005 card=00264; ordered title reference: https://open.spotify.com/track/2Ms33RTRCT6gArrpcrPxmo; printed-year evidence: not available,2002,2002,none
265,00265,https://hitstergame.com/uk/aaaa0005/00265,https://hitstergame.com/au/aaah0001/00265,1983,,unresolved,no,unresolved_missing_physical_card_back_year,aaaa0005,3ix6K4wZY29bCujrSznwFZ,aaah0001,3ix6K4wZY29bCujrSznwFZ,3ix6K4wZY29bCujrSznwFZ,Let's Dance - 2018 Remaster,David Bowie,high,identity only: https://stgroupprdhitster.blob.core.windows.net/hitster-assets/gameset_database.json sku=aaaa0005 card=00265; ordered title reference: https://open.spotify.com/track/3ix6K4wZY29bCujrSznwFZ; printed-year evidence: not available,1983,1999,musicbrainz_candidate_differs
266,00266,https://hitstergame.com/uk/aaaa0005/00266,https://hitstergame.com/au/aaah0001/00266,2005,,unresolved,no,unresolved_missing_physical_card_back_year,aaaa0005,0gJvqi9QyASOCtJu99tytc,aaah0001,0gJvqi9QyASOCtJu99tytc,0gJvqi9QyASOCtJu99tytc,Because of You,Kelly Clarkson,high,identity only: https://stgroupprdhitster.blob.core.windows.net/hitster-assets/gameset_database.json sku=aaaa0005 card=00266; ordered title reference: https://open.spotify.com/track/0gJvqi9QyASOCtJu99tytc; printed-year evidence: not available,2004,2003,community_bopster_year_differs;musicbrainz_candidate_differs
267,00267,https://hitstergame.com/uk/aaaa0005/00267,https://hitstergame.com/au/aaah0001/00267,2003,,unresolved,no,unresolved_missing_physical_card_back_year,aaaa0005,7iL6o9tox1zgHpKUfh9vuC,aaah0001,7iL6o9tox1zgHpKUfh9vuC,7iL6o9tox1zgHpKUfh9vuC,In Da Club,50 Cent,high,identity only: https://stgroupprdhitster.blob.core.windows.net/hitster-assets/gameset_database.json sku=aaaa0005 card=00267; ordered title reference: https://open.spotify.com/track/7iL6o9tox1zgHpKUfh9vuC; printed-year evidence: not available,2003,2002,musicbrainz_candidate_differs
268,00268,https://hitstergame.com/uk/aaaa0005/00268,https://hitstergame.com/au/aaah0001/00268,2019,,unresolved,no,unresolved_missing_physical_card_back_year,aaaa0005,6UelLqGlWMcVH1E5c4H7lY,aaah0001,6UelLqGlWMcVH1E5c4H7lY,6UelLqGlWMcVH1E5c4H7lY,Watermelon Sugar,Harry Styles,high,identity only: https://stgroupprdhitster.blob.core.windows.net/hitster-assets/gameset_database.json sku=aaaa0005 card=00268; ordered title reference: https://open.spotify.com/track/6UelLqGlWMcVH1E5c4H7lY; printed-year evidence: not available,2019,2019,none
269,00269,https://hitstergame.com/uk/aaaa0005/00269,https://hitstergame.com/au/aaah0001/00269,1966,,unresolved,no,unresolved_missing_physical_card_back_year,aaaa0005,74VR3AkGPhbYXnxcOYa16x,aaah0001,74VR3AkGPhbYXnxcOYa16x,74VR3AkGPhbYXnxcOYa16x,Strangers In The Night,Frank Sinatra,high,identity only: https://stgroupprdhitster.blob.core.windows.net/hitster-assets/gameset_database.json sku=aaaa0005 card=00269; ordered title reference: https://open.spotify.com/track/74VR3AkGPhbYXnxcOYa16x; printed-year evidence: not available,1966,1966,none
270,00270,https://hitstergame.com/uk/aaaa0005/00270,https://hitstergame.com/au/aaah0001/00270,1967,,unresolved,no,unresolved_missing_physical_card_back_year,aaaa0005,5uvosCdMlFdTXhoazkTI5R,aaah0001,5uvosCdMlFdTXhoazkTI5R,5uvosCdMlFdTXhoazkTI5R,Light My Fire,The Doors,high,identity only: https://stgroupprdhitster.blob.core.windows.net/hitster-assets/gameset_database.json sku=aaaa0005 card=00270; ordered title reference: https://open.spotify.com/track/5uvosCdMlFdTXhoazkTI5R; printed-year evidence: not available,1967,1967,none
271,00271,https://hitstergame.com/uk/aaaa0005/00271,https://hitstergame.com/au/aaah0001/00271,2006,,unresolved,no,unresolved_missing_physical_card_back_year,aaaa0005,3k7pyCzQMKwaStsAbdHHWx,aaah0001,3k7pyCzQMKwaStsAbdHHWx,3k7pyCzQMKwaStsAbdHHWx,Star Girl,McFly,high,identity only: https://stgroupprdhitster.blob.core.windows.net/hitster-assets/gameset_database.json sku=aaaa0005 card=00271; ordered title reference: https://open.spotify.com/track/3k7pyCzQMKwaStsAbdHHWx; printed-year evidence: not available,2006,2006,none
272,00272,https://hitstergame.com/uk/aaaa0005/00272,https://hitstergame.com/au/aaah0001/00272,1981,,unresolved,no,unresolved_missing_physical_card_back_year,aaaa0005,7HKez549fwJQDzx3zLjHKC,aaah0001,7HKez549fwJQDzx3zLjHKC,7HKez549fwJQDzx3zLjHKC,Start Me Up - Remastered 2009,The Rolling Stones,high,identity only: https://stgroupprdhitster.blob.core.windows.net/hitster-assets/gameset_database.json sku=aaaa0005 card=00272; ordered title reference: https://open.spotify.com/track/7HKez549fwJQDzx3zLjHKC; printed-year evidence: not available,1981,1981,none
273,00273,https://hitstergame.com/uk/aaaa0005/00273,https://hitstergame.com/au/aaah0001/00273,1971,,unresolved,no,unresolved_missing_physical_card_back_year,aaaa0005,7MpQOaVorMfoNHOJ80YxhY,aaah0001,7MpQOaVorMfoNHOJ80YxhY,7MpQOaVorMfoNHOJ80YxhY,Life on Mars? - 1999 Remaster,David Bowie,high,identity only: https://stgroupprdhitster.blob.core.windows.net/hitster-assets/gameset_database.json sku=aaaa0005 card=00273; ordered title reference: https://open.spotify.com/track/7MpQOaVorMfoNHOJ80YxhY; printed-year evidence: not available,2002,1972,community_bopster_year_differs;musicbrainz_candidate_differs
274,00274,https://hitstergame.com/uk/aaaa0005/00274,https://hitstergame.com/au/aaah0001/00274,1969,,unresolved,no,unresolved_missing_physical_card_back_year,aaaa0005,62AuGbAkt8Ox2IrFFb8GKV,aaah0001,62AuGbAkt8Ox2IrFFb8GKV,62AuGbAkt8Ox2IrFFb8GKV,Sweet Caroline,Neil Diamond,high,identity only: https://stgroupprdhitster.blob.core.windows.net/hitster-assets/gameset_database.json sku=aaaa0005 card=00274; ordered title reference: https://open.spotify.com/track/62AuGbAkt8Ox2IrFFb8GKV; printed-year evidence: not available,1969,1969,none
275,00275,https://hitstergame.com/uk/aaaa0005/00275,https://hitstergame.com/au/aaah0001/00275,1978,,unresolved,no,unresolved_missing_physical_card_back_year,aaaa0005,5gOd6zDC8vhlYjqbQdJVWP,aaah0001,5gOd6zDC8vhlYjqbQdJVWP,5gOd6zDC8vhlYjqbQdJVWP,Baker Street,Gerry Rafferty,high,identity only: https://stgroupprdhitster.blob.core.windows.net/hitster-assets/gameset_database.json sku=aaaa0005 card=00275; ordered title reference: https://open.spotify.com/track/5gOd6zDC8vhlYjqbQdJVWP; printed-year evidence: not available,1978,1978,none
276,00276,https://hitstergame.com/uk/aaaa0005/00276,https://hitstergame.com/au/aaah0001/00276,1975,,unresolved,no,unresolved_missing_physical_card_back_year,aaaa0005,5SZ6zX4rOrEQferfFC2MfP,aaah0001,5SZ6zX4rOrEQferfFC2MfP,5SZ6zX4rOrEQferfFC2MfP,Walk This Way,Aerosmith,high,identity only: https://stgroupprdhitster.blob.core.windows.net/hitster-assets/gameset_database.json sku=aaaa0005 card=00276; ordered title reference: https://open.spotify.com/track/5SZ6zX4rOrEQferfFC2MfP; printed-year evidence: not available,1975,1975,none
277,00277,https://hitstergame.com/uk/aaaa0005/00277,https://hitstergame.com/au/aaah0001/00277,2004,,unresolved,no,unresolved_missing_physical_card_back_year,aaaa0005,6C0xucNj75wRdlejwWIEW1,aaah0001,35b08f3X5XiuTV0oJHZB9g,6C0xucNj75wRdlejwWIEW1,Club Foot,Kasabian,high,identity only: https://stgroupprdhitster.blob.core.windows.net/hitster-assets/gameset_database.json sku=aaaa0005 card=00277; ordered title reference: https://open.spotify.com/track/6C0xucNj75wRdlejwWIEW1; printed-year evidence: not available,2004,2004,uk_au_equivalent_spotify_ids_differ
278,00278,https://hitstergame.com/uk/aaaa0005/00278,https://hitstergame.com/au/aaah0001/00278,1952,,unresolved,no,unresolved_missing_physical_card_back_year,aaaa0005,2gCQe48O4GMJz6oFBqnN9e,aaah0001,2gCQe48O4GMJz6oFBqnN9e,2gCQe48O4GMJz6oFBqnN9e,Wheel Of Fortune,Kay Starr,high,identity only: https://stgroupprdhitster.blob.core.windows.net/hitster-assets/gameset_database.json sku=aaaa0005 card=00278; ordered title reference: https://open.spotify.com/track/2gCQe48O4GMJz6oFBqnN9e; printed-year evidence: not available,1991,1952,community_bopster_year_differs
279,00279,https://hitstergame.com/uk/aaaa0005/00279,https://hitstergame.com/au/aaah0001/00279,1973,,unresolved,no,unresolved_missing_physical_card_back_year,aaaa0005,1bp2IO61zbQrbWNmKKxg3f,aaah0001,1bp2IO61zbQrbWNmKKxg3f,1bp2IO61zbQrbWNmKKxg3f,The Joker,Steve Miller Band,high,identity only: https://stgroupprdhitster.blob.core.windows.net/hitster-assets/gameset_database.json sku=aaaa0005 card=00279; ordered title reference: https://open.spotify.com/track/1bp2IO61zbQrbWNmKKxg3f; printed-year evidence: not available,1973,1973,none
280,00280,https://hitstergame.com/uk/aaaa0005/00280,https://hitstergame.com/au/aaah0001/00280,1975,,unresolved,no,unresolved_missing_physical_card_back_year,aaaa0005,1hQFF33xi8ruavZNyovtUN,aaah0001,1hQFF33xi8ruavZNyovtUN,1hQFF33xi8ruavZNyovtUN,"December, 1963 (Oh What a Night!)",The Four Seasons,high,identity only: https://stgroupprdhitster.blob.core.windows.net/hitster-assets/gameset_database.json sku=aaaa0005 card=00280; ordered title reference: https://open.spotify.com/track/1hQFF33xi8ruavZNyovtUN; printed-year evidence: not available,1975,1975,none
281,00281,https://hitstergame.com/uk/aaaa0005/00281,https://hitstergame.com/au/aaah0001/00281,1973,,unresolved,no,unresolved_missing_physical_card_back_year,aaaa0005,78WVLOP9pN0G3gRLFy1rAa,aaah0001,78WVLOP9pN0G3gRLFy1rAa,78WVLOP9pN0G3gRLFy1rAa,Piano Man,Billy Joel,high,identity only: https://stgroupprdhitster.blob.core.windows.net/hitster-assets/gameset_database.json sku=aaaa0005 card=00281; ordered title reference: https://open.spotify.com/track/78WVLOP9pN0G3gRLFy1rAa; printed-year evidence: not available,1973,1973,none
282,00282,https://hitstergame.com/uk/aaaa0005/00282,https://hitstergame.com/au/aaah0001/00282,2022,,unresolved,no,unresolved_missing_physical_card_back_year,aaaa0005,0O6u0VJ46W86TxN9wgyqDj,aaah0001,0O6u0VJ46W86TxN9wgyqDj,0O6u0VJ46W86TxN9wgyqDj,I Like You (A Happier Song) (with Doja Cat),Post Malone,high,identity only: https://stgroupprdhitster.blob.core.windows.net/hitster-assets/gameset_database.json sku=aaaa0005 card=00282; ordered title reference: https://open.spotify.com/track/0O6u0VJ46W86TxN9wgyqDj; printed-year evidence: not available,2022,,musicbrainz_candidate_unresolved
283,00283,https://hitstergame.com/uk/aaaa0005/00283,https://hitstergame.com/au/aaah0001/00283,2017,,unresolved,no,unresolved_missing_physical_card_back_year,aaaa0005,7KXjTSCq5nL1LoYtL7XAwS,aaah0001,7KXjTSCq5nL1LoYtL7XAwS,7KXjTSCq5nL1LoYtL7XAwS,HUMBLE.,Kendrick Lamar,high,identity only: https://stgroupprdhitster.blob.core.windows.net/hitster-assets/gameset_database.json sku=aaaa0005 card=00283; ordered title reference: https://open.spotify.com/track/7KXjTSCq5nL1LoYtL7XAwS; printed-year evidence: not available,2017,2017,none
284,00284,https://hitstergame.com/uk/aaaa0005/00284,https://hitstergame.com/au/aaah0001/00284,1972,,unresolved,no,unresolved_missing_physical_card_back_year,aaaa0005,3gdewACMIVMEWVbyb8O9sY,aaah0001,3gdewACMIVMEWVbyb8O9sY,3gdewACMIVMEWVbyb8O9sY,"Rocket Man (I Think It's Going To Be A Long, Long Time)",Elton John,high,identity only: https://stgroupprdhitster.blob.core.windows.net/hitster-assets/gameset_database.json sku=aaaa0005 card=00284; ordered title reference: https://open.spotify.com/track/3gdewACMIVMEWVbyb8O9sY; printed-year evidence: not available,1972,1972,none
285,00285,https://hitstergame.com/uk/aaaa0005/00285,https://hitstergame.com/au/aaah0001/00285,2011,,unresolved,no,unresolved_missing_physical_card_back_year,aaaa0005,2fTsFCKRFQ5M0igJgabnLA,aaah0001,2fTsFCKRFQ5M0igJgabnLA,2fTsFCKRFQ5M0igJgabnLA,Price Tag,Jessie J,high,identity only: https://stgroupprdhitster.blob.core.windows.net/hitster-assets/gameset_database.json sku=aaaa0005 card=00285; ordered title reference: https://open.spotify.com/track/2fTsFCKRFQ5M0igJgabnLA; printed-year evidence: not available,2011,2011,none
286,00286,https://hitstergame.com/uk/aaaa0005/00286,https://hitstergame.com/au/aaah0001/00286,1977,,unresolved,no,unresolved_missing_physical_card_back_year,aaaa0005,21YxK0klhpfLW8budkJaMF,aaah0001,21YxK0klhpfLW8budkJaMF,21YxK0klhpfLW8budkJaMF,Lust For Life,Iggy Pop,high,identity only: https://stgroupprdhitster.blob.core.windows.net/hitster-assets/gameset_database.json sku=aaaa0005 card=00286; ordered title reference: https://open.spotify.com/track/21YxK0klhpfLW8budkJaMF; printed-year evidence: not available,1977,1977,none
287,00287,https://hitstergame.com/uk/aaaa0005/00287,https://hitstergame.com/au/aaah0001/00287,2007,,unresolved,no,unresolved_missing_physical_card_back_year,aaaa0005,2yPoXCs7BSIUrucMdK5PzV,aaah0001,2yPoXCs7BSIUrucMdK5PzV,2yPoXCs7BSIUrucMdK5PzV,Umbrella,Rihanna,high,identity only: https://stgroupprdhitster.blob.core.windows.net/hitster-assets/gameset_database.json sku=aaaa0005 card=00287; ordered title reference: https://open.spotify.com/track/2yPoXCs7BSIUrucMdK5PzV; printed-year evidence: not available,2007,2007,none
288,00288,https://hitstergame.com/uk/aaaa0005/00288,https://hitstergame.com/au/aaah0001/00288,1992,,unresolved,no,unresolved_missing_physical_card_back_year,aaaa0005,6JymsaWDHk2Yj4e0yNBIFH,aaah0001,6JymsaWDHk2Yj4e0yNBIFH,6JymsaWDHk2Yj4e0yNBIFH,Jump Around,House Of Pain,high,identity only: https://stgroupprdhitster.blob.core.windows.net/hitster-assets/gameset_database.json sku=aaaa0005 card=00288; ordered title reference: https://open.spotify.com/track/6JymsaWDHk2Yj4e0yNBIFH; printed-year evidence: not available,1992,1992,none
289,00289,https://hitstergame.com/uk/aaaa0005/00289,https://hitstergame.com/au/aaah0001/00289,1977,,unresolved,no,unresolved_missing_physical_card_back_year,aaaa0005,5BckPAYcKEJuYs1eV1BHHe,aaah0001,5BckPAYcKEJuYs1eV1BHHe,5BckPAYcKEJuYs1eV1BHHe,Take A Chance On Me,ABBA,high,identity only: https://stgroupprdhitster.blob.core.windows.net/hitster-assets/gameset_database.json sku=aaaa0005 card=00289; ordered title reference: https://open.spotify.com/track/5BckPAYcKEJuYs1eV1BHHe; printed-year evidence: not available,1977,1977,none
290,00290,https://hitstergame.com/uk/aaaa0005/00290,https://hitstergame.com/au/aaah0001/00290,2020,,unresolved,no,unresolved_missing_physical_card_back_year,aaaa0005,1dI77VhaLcQSgQLSnIs03D,aaah0001,1dI77VhaLcQSgQLSnIs03D,1dI77VhaLcQSgQLSnIs03D,Levitating,Dua Lipa,high,identity only: https://stgroupprdhitster.blob.core.windows.net/hitster-assets/gameset_database.json sku=aaaa0005 card=00290; ordered title reference: https://open.spotify.com/track/1dI77VhaLcQSgQLSnIs03D; printed-year evidence: not available,2020,2020,none
291,00291,https://hitstergame.com/uk/aaaa0005/00291,https://hitstergame.com/au/aaah0001/00291,2017,,unresolved,no,unresolved_missing_physical_card_back_year,aaaa0005,72gv4zhNvRVdQA0eOenCal,aaah0001,72gv4zhNvRVdQA0eOenCal,72gv4zhNvRVdQA0eOenCal,Symphony (feat. Zara Larsson),Clean Bandit,high,identity only: https://stgroupprdhitster.blob.core.windows.net/hitster-assets/gameset_database.json sku=aaaa0005 card=00291; ordered title reference: https://open.spotify.com/track/72gv4zhNvRVdQA0eOenCal; printed-year evidence: not available,2018,2017,community_bopster_year_differs
292,00292,https://hitstergame.com/uk/aaaa0005/00292,https://hitstergame.com/au/aaah0001/00292,2018,,unresolved,no,unresolved_missing_physical_card_back_year,aaaa0005,4ofwffwvvnbSkrMSCKQDaC,aaah0001,4ofwffwvvnbSkrMSCKQDaC,4ofwffwvvnbSkrMSCKQDaC,Shotgun,George Ezra,high,identity only: https://stgroupprdhitster.blob.core.windows.net/hitster-assets/gameset_database.json sku=aaaa0005 card=00292; ordered title reference: https://open.spotify.com/track/4ofwffwvvnbSkrMSCKQDaC; printed-year evidence: not available,2018,2018,none
293,00293,https://hitstergame.com/uk/aaaa0005/00293,https://hitstergame.com/au/aaah0001/00293,2008,,unresolved,no,unresolved_missing_physical_card_back_year,aaaa0005,5A1FmxbYVRZKy4nc16MAue,aaah0001,5A1FmxbYVRZKy4nc16MAue,5A1FmxbYVRZKy4nc16MAue,Sex on Fire,Kings of Leon,high,identity only: https://stgroupprdhitster.blob.core.windows.net/hitster-assets/gameset_database.json sku=aaaa0005 card=00293; ordered title reference: https://open.spotify.com/track/5A1FmxbYVRZKy4nc16MAue; printed-year evidence: not available,2008,2008,none
294,00294,https://hitstergame.com/uk/aaaa0005/00294,https://hitstergame.com/au/aaah0001/00294,2010,,unresolved,no,unresolved_missing_physical_card_back_year,aaaa0005,2Cd9iWfcOpGDHLz6tVA3G4,aaah0001,2Cd9iWfcOpGDHLz6tVA3G4,2Cd9iWfcOpGDHLz6tVA3G4,Waka Waka (This Time for Africa) [The Official 2010 FIFA World Cup (TM) Song] (feat. Freshlyground),Shakira,high,identity only: https://stgroupprdhitster.blob.core.windows.net/hitster-assets/gameset_database.json sku=aaaa0005 card=00294; ordered title reference: https://open.spotify.com/track/2Cd9iWfcOpGDHLz6tVA3G4; printed-year evidence: not available,2010,,musicbrainz_candidate_unresolved
295,00295,https://hitstergame.com/uk/aaaa0005/00295,https://hitstergame.com/au/aaah0001/00295,1963,,unresolved,no,unresolved_missing_physical_card_back_year,aaaa0005,24QrU0S6w0XvlE3m7kgSsW,aaah0001,24QrU0S6w0XvlE3m7kgSsW,24QrU0S6w0XvlE3m7kgSsW,Surf City (Rerecorded),Jan & Dean,high,identity only: https://stgroupprdhitster.blob.core.windows.net/hitster-assets/gameset_database.json sku=aaaa0005 card=00295; ordered title reference: https://open.spotify.com/track/24QrU0S6w0XvlE3m7kgSsW; printed-year evidence: not available,2010,1963,community_bopster_year_differs
296,00296,https://hitstergame.com/uk/aaaa0005/00296,https://hitstergame.com/au/aaah0001/00296,2006,,unresolved,no,unresolved_missing_physical_card_back_year,aaaa0005,0O45fw2L5vsWpdsOdXwNAR,aaah0001,0O45fw2L5vsWpdsOdXwNAR,0O45fw2L5vsWpdsOdXwNAR,SexyBack (feat. Timbaland),Justin Timberlake,high,identity only: https://stgroupprdhitster.blob.core.windows.net/hitster-assets/gameset_database.json sku=aaaa0005 card=00296; ordered title reference: https://open.spotify.com/track/0O45fw2L5vsWpdsOdXwNAR; printed-year evidence: not available,2006,2006,none
297,00297,https://hitstergame.com/uk/aaaa0005/00297,https://hitstergame.com/au/aaah0001/00297,1971,,unresolved,no,unresolved_missing_physical_card_back_year,aaaa0005,1IqFh00G2kvvMm8pRMpehA,aaah0001,1IqFh00G2kvvMm8pRMpehA,1IqFh00G2kvvMm8pRMpehA,Me and Bobby McGee,Janis Joplin,high,identity only: https://stgroupprdhitster.blob.core.windows.net/hitster-assets/gameset_database.json sku=aaaa0005 card=00297; ordered title reference: https://open.spotify.com/track/1IqFh00G2kvvMm8pRMpehA; printed-year evidence: not available,1971,1970,musicbrainz_candidate_differs
298,00298,https://hitstergame.com/uk/aaaa0005/00298,https://hitstergame.com/au/aaah0001/00298,1977,,unresolved,no,unresolved_missing_physical_card_back_year,aaaa0005,1JQ6Xm1JrvHfvAqhl5pwaA,aaah0001,1JQ6Xm1JrvHfvAqhl5pwaA,1JQ6Xm1JrvHfvAqhl5pwaA,Easy,Commodores,high,identity only: https://stgroupprdhitster.blob.core.windows.net/hitster-assets/gameset_database.json sku=aaaa0005 card=00298; ordered title reference: https://open.spotify.com/track/1JQ6Xm1JrvHfvAqhl5pwaA; printed-year evidence: not available,1977,1977,none
299,00299,https://hitstergame.com/uk/aaaa0005/00299,https://hitstergame.com/au/aaah0001/00299,2001,,unresolved,no,unresolved_missing_physical_card_back_year,aaaa0005,5KZ8y0RROfoYbB5lwCk3EJ,aaah0001,5KZ8y0RROfoYbB5lwCk3EJ,5KZ8y0RROfoYbB5lwCk3EJ,21 Seconds,So Solid Crew,high,identity only: https://stgroupprdhitster.blob.core.windows.net/hitster-assets/gameset_database.json sku=aaaa0005 card=00299; ordered title reference: https://open.spotify.com/track/5KZ8y0RROfoYbB5lwCk3EJ; printed-year evidence: not available,2001,2000,musicbrainz_candidate_differs
300,00300,https://hitstergame.com/uk/aaaa0005/00300,https://hitstergame.com/au/aaah0001/00300,1979,,unresolved,no,unresolved_missing_physical_card_back_year,aaaa0005,4gMgiXfqyzZLMhsksGmbQV,aaah0001,4gMgiXfqyzZLMhsksGmbQV,4gMgiXfqyzZLMhsksGmbQV,"Another Brick in the Wall, Pt. 2",Pink Floyd,high,identity only: https://stgroupprdhitster.blob.core.windows.net/hitster-assets/gameset_database.json sku=aaaa0005 card=00300; ordered title reference: https://open.spotify.com/track/4gMgiXfqyzZLMhsksGmbQV; printed-year evidence: not available,1979,1999,musicbrainz_candidate_differs
301,00301,https://hitstergame.com/uk/aaaa0005/00301,https://hitstergame.com/au/aaah0001/00301,2018,,unresolved,no,unresolved_missing_physical_card_back_year,aaaa0005,4r1CoAATVuxag55Ct3Y1aX,aaah0001,4r1CoAATVuxag55Ct3Y1aX,4r1CoAATVuxag55Ct3Y1aX,I'll Be There,Jess Glynne,high,identity only: https://stgroupprdhitster.blob.core.windows.net/hitster-assets/gameset_database.json sku=aaaa0005 card=00301; ordered title reference: https://open.spotify.com/track/4r1CoAATVuxag55Ct3Y1aX; printed-year evidence: not available,2018,2023,musicbrainz_candidate_differs
302,00302,https://hitstergame.com/uk/aaaa0005/00302,https://hitstergame.com/au/aaah0001/00302,1966,,unresolved,no,unresolved_missing_physical_card_back_year,aaaa0005,3EFb1qDgIqf9MegIryKtDj,aaah0001,3EFb1qDgIqf9MegIryKtDj,3EFb1qDgIqf9MegIryKtDj,"Monday, Monday - Single Version",The Mamas & The Papas,high,identity only: https://stgroupprdhitster.blob.core.windows.net/hitster-assets/gameset_database.json sku=aaaa0005 card=00302; ordered title reference: https://open.spotify.com/track/3EFb1qDgIqf9MegIryKtDj; printed-year evidence: not available,1966,1966,none
303,00303,https://hitstergame.com/uk/aaaa0005/00303,https://hitstergame.com/au/aaah0001/00303,1958,,unresolved,no,unresolved_missing_physical_card_back_year,aaaa0005,5gJKsGij5oGt5H5RSFYXPa,aaah0001,5gJKsGij5oGt5H5RSFYXPa,5gJKsGij5oGt5H5RSFYXPa,Tequila,The Champs,high,identity only: https://stgroupprdhitster.blob.core.windows.net/hitster-assets/gameset_database.json sku=aaaa0005 card=00303; ordered title reference: https://open.spotify.com/track/5gJKsGij5oGt5H5RSFYXPa; printed-year evidence: not available,1994,1971,community_bopster_year_differs;musicbrainz_candidate_differs
304,00304,https://hitstergame.com/uk/aaaa0005/00304,https://hitstergame.com/au/aaah0001/00304,1975,,unresolved,no,unresolved_missing_physical_card_back_year,aaaa0005,4u7EnebtmKWzUH433cf5Qv,aaah0001,4u7EnebtmKWzUH433cf5Qv,4u7EnebtmKWzUH433cf5Qv,Bohemian Rhapsody - Remastered 2011,Queen,high,identity only: https://stgroupprdhitster.blob.core.windows.net/hitster-assets/gameset_database.json sku=aaaa0005 card=00304; ordered title reference: https://open.spotify.com/track/4u7EnebtmKWzUH433cf5Qv; printed-year evidence: not available,1975,1976,musicbrainz_candidate_differs
305,00305,https://hitstergame.com/uk/aaaa0005/00305,https://hitstergame.com/au/aaah0001/00305,1970,,unresolved,no,unresolved_missing_physical_card_back_year,aaaa0005,6l8EbYRtQMgKOyc1gcDHF9,aaah0001,6l8EbYRtQMgKOyc1gcDHF9,6l8EbYRtQMgKOyc1gcDHF9,Bridge Over Troubled Water,Simon & Garfunkel,high,identity only: https://stgroupprdhitster.blob.core.windows.net/hitster-assets/gameset_database.json sku=aaaa0005 card=00305; ordered title reference: https://open.spotify.com/track/6l8EbYRtQMgKOyc1gcDHF9; printed-year evidence: not available,1970,1970,none
306,00306,https://hitstergame.com/uk/aaaa0005/00306,https://hitstergame.com/au/aaah0001/00306,1974,,unresolved,no,unresolved_missing_physical_card_back_year,aaaa0005,3Dy4REq8O09IlgiwuHQ3sk,aaah0001,3Dy4REq8O09IlgiwuHQ3sk,3Dy4REq8O09IlgiwuHQ3sk,Waterloo,ABBA,high,identity only: https://stgroupprdhitster.blob.core.windows.net/hitster-assets/gameset_database.json sku=aaaa0005 card=00306; ordered title reference: https://open.spotify.com/track/3Dy4REq8O09IlgiwuHQ3sk; printed-year evidence: not available,1974,1974,none
307,00307,https://hitstergame.com/uk/aaaa0005/00307,https://hitstergame.com/au/aaah0001/00307,1968,,unresolved,no,unresolved_missing_physical_card_back_year,aaaa0005,3Xls4cNOwy01dtrNXb1inG,aaah0001,3Xls4cNOwy01dtrNXb1inG,3Xls4cNOwy01dtrNXb1inG,White Room,Cream,high,identity only: https://stgroupprdhitster.blob.core.windows.net/hitster-assets/gameset_database.json sku=aaaa0005 card=00307; ordered title reference: https://open.spotify.com/track/3Xls4cNOwy01dtrNXb1inG; printed-year evidence: not available,1968,1968,none
308,00308,https://hitstergame.com/uk/aaaa0005/00308,https://hitstergame.com/au/aaah0001/00308,2010,,unresolved,no,unresolved_missing_physical_card_back_year,aaaa0005,6epn3r7S14KUqlReYr77hA,aaah0001,6epn3r7S14KUqlReYr77hA,6epn3r7S14KUqlReYr77hA,Baby,Justin Bieber,high,identity only: https://stgroupprdhitster.blob.core.windows.net/hitster-assets/gameset_database.json sku=aaaa0005 card=00308; ordered title reference: https://open.spotify.com/track/6epn3r7S14KUqlReYr77hA; printed-year evidence: not available,2010,2010,none
